# 日文	中文
10連ガチャチケット	10连扭蛋券
AP回復薬	AP回复药
AP回復薬50	AP回复药50
Acceleドロー	重抽为Accele
Another Daze最終Battleで…	在Another Daze最终Battle…
BP回復薬	BP回复药
Blast ダメージDOWN	Blast伤害DOWN
Blast ダメージUP	Blast伤害UP
Blast ダメージカット	Blast伤害削减
Blast ダメージカット状態	Blast伤害削减状态
BlastダメージDOWN	Blast伤害DOWN
BlastダメージUP	Blast伤害UP
Blastダメージカット	Blast伤害削减
Blastダメージカット状態	Blast伤害削减状态
Blastドロー	重抽为Blast
Blast攻撃時MP獲得	Blast攻击时MP获得
Blast被ダメージUP	受Blast伤害UP
CCの獲得量UP	CC获得量UP
CP回復薬	CP回复药
Charge Combo時Charge数+1	Charge Combo时Charge数+1
Charge Combo時Charge数+2	Charge Combo时Charge数+2
Charge Combo時Charge数+3	Charge Combo时Charge数+3
Charge Combo時Charge数+4	Charge Combo时Charge数+4
Charge Combo時Charge数+5	Charge Combo时Charge数+5
Charge combo時Charge数+1	Charge Combo时Charge数+1
Charge combo時Charge数+2	Charge Combo时Charge数+2
Charge combo時Charge数+3	Charge Combo时Charge数+3
ChargeディスクダメージUP	Charge盘伤害UP
Chargeドロー	重抽为Charge
Charge後ダメージDOWN	Charge后伤害DOWN
Charge後ダメージUP	Charge后伤害UP
Charge後被ダメージUP	受Charge后伤害UP
Charge消費なし	Charge无消耗
GAN	[https://www.pixiv.net/member.php?id=1294530 GAN]
H2SO4	[https://www.pixiv.net/member.php?id=60263 H2SO4]
H2SO4、千里GAN	[https://www.pixiv.net/member.php?id=60263 H2SO4]、[https://w
HP 回復	回复HP
HPの低い仲間一人にHP回復	HP最低的一位同伴回复HP
HP全回復	回复全部HP
HP回復	回复HP
HP最大値までHP自動回復	自动回复HP到最大值
HP最大時攻撃力UP	HP最大时攻击力UP
HP最大時防御力UP	HP最大时防御力UP
HP自動回復	自动回复HP
Lynn、佳村はるか（あやめ：木戸衣吹）	Lynn、佳村遥（菖蒲：木户衣吹）
MP100以上時MP獲得量UP	MP100以上时MP获得量UP
MPが10%溜まった状態でバトル開始	以MP积累10%的状态开始战斗
MPが100%溜まった状態でバトル開始	以MP积累100%的状态开始战斗
MPが15%溜まった状態でバトル開始	以MP积累15%的状态开始战斗
MPが20%溜まった状態でバトル開始	以MP积累20%的状态开始战斗
MPが25%溜まった状態でバトル開始	以MP积累25%的状态开始战斗
MPが30%溜まった状態でバトル開始	以MP积累30%的状态开始战斗
MPが35%溜まった状態でバトル開始	以MP积累35%的状态开始战斗
MPが40%溜まった状態でバトル開始	以MP积累40%的状态开始战斗
MPが50%溜まった状態でバトル開始	以MP积累50%的状态开始战斗
MPダメージ	MP伤害
MP回復	回复MP
MP獲得量 DOWN	MP获得量DOWN
MP獲得量DOWN	MP获得量DOWN
MP獲得量UP	MP获得量UP
MP自動回復	自动回复MP
NOCO	[https://x.com/noco9999 NOCO]
Nardack	[https://x.com/Nardack Nardack]
PAPA	[https://x.com/papa0123 PAPA]
PAPA、劇団イヌカレー（泥犬）	PAPA、剧团狗咖喱（泥犬）
U35	[https://x.com/umiko35 U35]
action	edit
f4samurai・劇団イヌカレー（泥犬）	f4samurai、剧团狗咖喱（泥犬）
ichigo	[https://x.com/fsp2003120000 @ichigo]
mepo	[https://x.com/mepooot mepo]
nabe	[https://x.com/nabe_e16 nabe]
necömi	[https://x.com/necomi_info necömi]
saikoro	[https://x.com/saikoro78573710 saikoro]
「SUPパドル・ボード」「水鉄砲」追加獲得数	“SUP船桨”“水枪”追加获得数
「from外宇宙」追加獲得数	“from宇宙外”追加获得数
「いいね！」入手時	“赞！”获得时
「いたずら駄菓子」追加獲得数	“调皮粗点心”追加获得数
「いつかのタイムカプセル」追加獲得数	“不知何时的时间胶囊”追加获得数
「うわさのカカオポッド」追加獲得数	“谣之可可荚”追加获得数
「おはじき」追加獲得数	“玻璃弹片”追加获得数
「お姉ちゃんしつけ棒」追加獲得数	“管教姐姐棒”追加获得数
「お見合い写真」追加獲得数	“相亲照片”追加获得数
「すずねメダル」入手時	“铃音勋章”获得时
「なかよし手帳」追加獲得数	“好朋友手账本”追加获得数
「ふたりの青春」追加獲得数	“两人的青春”追加获得数
「まどかPからの連絡」追加獲得数	“小圆P的联络”追加获得数
「アクアリウムへの招待状」追加獲得数	“水族馆的邀请函”追加获得数
「アザレアの咲く場所」追加獲得数	“杜鹃花开之处”追加获得数
「アルちゃんのウォンテッドポスター」追加獲得数	“小阿鲁的通缉令”追加获得数
「キレイな川魚」追加獲得数	“漂亮的河鱼”追加获得数
「サークルリスト」追加獲得数	“社团列表”追加获得数
「ジュゥべえメダル」追加獲得数	“Juby勋章”追加获得数
「トラブルのタネ」「ほくそ笑む花」追加獲得数	“骚乱之种”“窃喜之花”追加获得数
「ハワイ行のチケット」追加獲得数	“夏威夷旅行的奖券”追加获得数
「パフェ」入手時	“帕菲”获得时
「ヒイラギの葉」追加獲得数	“柊树的叶子”追加获得数
「ピュエラケアのチラシ」追加獲得数	“Puella Care的传单”追加获得数
「フォーチュンペーパー」入手時	“幸运纸”获得时
「ブラックカード」入手時	“黑卡”获得时
「マギウスの指令書」追加獲得数	“Magius的指令书”追加获得数
「マジカルキャンディ」「マジカルコイン」追加獲得数	“魔法糖果”“魔法硬币”追加获得数
「マジカルトリプルチーズ」追加獲得数	“魔法三重奶酪”追加获得数
「メモリーピン」入手時	“记忆大头针”获得时
「ユリの香油」追加獲得数	“百合香油”追加获得数
「ラクシャーシー碑文」追加獲得数	“罗刹女碑文”追加获得数
「ランタンコイン」追加獲得数	“南瓜灯硬币”追加获得数
「ルーン“太陽”」追加獲得数	“卢恩‘太阳’”追加获得数
「レアリティースター」入手時	“稀有度之星”获得时
「一度きりの時間」追加獲得数	“只有一次的时间”追加获得数
「七夕飾り」追加獲得数	“七夕装饰”追加获得数
「乙女の秘密」追加獲得数	“少女的秘密”追加获得数
「今だけの思い出」追加獲得数	“仅限此时的回忆”追加获得数
「仮面」追加獲得数	“假面”追加获得数
「初夢祈願」追加獲得数	“初梦祈愿”追加获得数
「勝利のメダル」入手時	“胜利的勋章”获得时
「古の切なる願い」追加獲得数	“古老的恳切祈愿”追加获得数
「商店街の福引券」追加獲得数	“商店街的抽奖券”追加获得数
「喫茶リコリコの割引券」追加獲得数	“莉可莉可咖啡店的优惠券”追加获得数
「回数券」追加獲得数	“回数券”追加获得数
「夏の面影」追加獲得数	“夏之面影”追加获得数
「大凧」追加獲得数	“风筝”追加获得数
「天使のメダル」追加獲得数	“天使的勋章”追加获得数
「始まりの焚火」追加獲得数	“起始的篝火”追加获得数
「小さな羽根」追加獲得数	“小小的羽毛”追加获得数
「幸福のブーケ」追加獲得数	“幸福的花束”追加获得数
「幽霊免許」入手時	“幽灵许可证”获得时
「幽霊免許」追加獲得数	“幽灵许可证”追加获得数
「思い出メッセージ」追加獲得数	“回忆留言”追加获得数
「想いを記すもの」追加獲得数	“记述思念之物”追加获得数
「想い結ぶシュシュ」追加獲得数	“连结思念的发圈”追加获得数
「憧憬の烙印」追加獲得数	“憧憬的烙印”追加获得数
「憩いのアイス」追加獲得数	“休息的冰淇淋”追加获得数
「木の実(茶)」入手時	“树果(茶)”获得时
「木の実(青)」入手時	“树果(青)”获得时
「汗かきウサギ」追加獲得数	“流汗的兔子”追加获得数
「灯花の評価」追加獲得数	“灯花的评价”追加获得数
「王様パンプキンキャンディ」追加獲得数	“国王南瓜糖”追加获得数
「珊瑚礁」入手時	“珊瑚礁”获得时
「生徒会のメダル」追加獲得数	“学生会的勋章”追加获得数
「疑惑の写真」追加獲得数	“疑惑的写真”追加获得数
「白紙の便箋」追加獲得数	“白纸便笺”追加获得数
「竜城家伝統鏡餅」追加獲得数	“龙城家传统镜饼”追加获得数
「絡まりリボン」追加獲得数	“缠绕的缎带”追加获得数
「群印」追加獲得数	“群印”追加获得数
「聖女のメダル」入手時	“圣女的勋章”获得时
「興味のハート」追加獲得数	“兴趣之心”追加获得数
「花の香り」追加獲得数	“花香”追加获得数
「見えない意思」追加獲得数	“无形的意愿”追加获得数
「記憶のオーナメント」追加獲得数	“后悔的装饰品”追加获得数
「記憶の砂」入手時	“记忆之砂”获得时
「記憶の頁」入手時	“记忆之页”获得时
「貝殻の腕輪」「翡翠の腕輪」追加獲得数	“贝壳的手镯”“翡翠的手镯”追加获得数
「金メダル」追加獲得数	“金勋章”追加获得数
「錆びついた紋章」追加獲得数	“生锈的纹章”追加获得数
「間違いのプレゼント」追加獲得数	“错误的礼物”追加获得数
「魔法少女の記録」追加獲得数	“魔法少女的记录”追加获得数
「黒革の手帳」追加獲得数	“黑皮革手账”追加获得数
「黙示録」追加獲得数	“默示录”追加获得数
『	“
『CROSS CONNECTION』最終ボスに…	对“CROSS CONNECTION”最终Boss…
『Memorable Flower』最終ボスに…	对“Memorable Flower”最终Boss…
『Rumors in Disguise』最終ボスに…	对“Rumors in Disguise”最终Boss…
『キリサキさんの噂話』入手時	“开膛手小姐的传闻”入手时
『ディペンデンスブルー』最終ボスに…	对“Dependence Blue”最终Boss…
『喝采』『残り火』	“喝彩”“余烬”
『噂話』入手時	“传闻”入手时
『時を超えて鳴らす鐘』最終Battleで…	在“超越时空的钟声”最终Battle…
『灰色革命』最終ボスに…	对“灰色革命”最终Boss…
『秘められた馬』『目覚める闇』入手時	“隐匿的马”“觉醒的黑暗”入手时
』のアビリティを所持	”的能力持有
』を発動	”的状态
【クエストのみ】	【仅Quest】
あくま	恶魔
あすなろ市立南部中学校	翌桧市立南部中学校
あずーる	[https://x.com/azure_0608 あずーる（Azūru）]
あの日の一番を超えて	超越昔日之最
あらたまい	[https://x.com/maittingu あらたまい]
あるてぃめっと	究极
あｆろ	あｆろ<!-- 啊f洛 -->
いもあん	いもあん（Imoan）
いろはにコネクトでHP回復	和伊吕波连携时回复HP
いろはにコネクトで防御力UP	和伊吕波连携时防御力UP
おちゃう	[https://www.pixiv.net/member.php?id=275151 おちゃう（Ochau）]<!--
お年玉	压岁钱
お悩みメール入手時	咨询信件获得时
かずみ	和美
かにぱんだ	[https://x.com/kanipanda かにぱんだ（Kanipanda）]
かんざきひろ	[https://x.com/kanzakihiro 神崎广（Kanzakihiro）]
がおう	[https://x.com/umaiyo_puyoman gaou]
くらは	くらは（Kuraha）<!-- 鞍叶 -->
くろにゃん	くろにゃん（Kuronyan）
こざくら	こざくら（Kozakura）<!-- 小仓 -->
こるり	[https://x.com/ko_ru_ri こるり（Koruri）]
さくら小春(QP:flapper)	[https://x.com/pimopimo SAKURA小春]（[http://qp.banbi.net/ QP:f
さくら小春（QP:flapper）	[https://x.com/pimopimo SAKURA小春]（[http://qp.banbi.net/ QP:f
さらにBlast ダメージDOWN	Blast伤害进一步DOWN
さらにマギアダメージDOWN	Magia伤害进一步DOWN
さらに光属性耐性DOWN	光属性耐性进一步DOWN
さらに必ず呪い	再次必定诅咒
さらに攻撃力DOWN	攻击力进一步DOWN
さらに火属性耐性DOWN	火属性耐性进一步DOWN
さらに防御力DOWN	防御力进一步DOWN
たかはし智秋	高桥智秋
ちょこ庵	[https://www.pixiv.net/member.php?id=5955130 ちょこ庵]
ともひと	ともひと（Tomohito）<!-- 友一 -->
なかじまゆか	[https://x.com/yuka_nakajima なかじまゆか]
ひかりふる	圣光降临
ふてね	ふてね（Futene）
ふゆの春秋	[https://www.pixiv.net/member.php?id=717043 冬野春秋]
ぷにゃん	ぷにゃん（Punyan）<!-- 噗喵 -->
ほわほわ少女頑張る！～待って、それ誤解です！	呆萌少女要加油！～等等，那是误会！～
まだダメよ	还不行呢
みやま零	[https://x.com/miyama0 美山零]
むげんだい	无限大
やけど	烧伤
やけど無効	烧伤无效
やちよにコネクトでMP回復	和八千代连携时回复MP
ゆーげん	[https://www.pixiv.net/member.php?id=806502 ゆーげん（Yūgen）]<!--
よー清水	[https://x.com/you629 YOO清水]
らぐほのえりか	[https://www.pixiv.net/users/101500 らぐほのえりか（Ragho no Erika）]
を発動	的状态
アクアオーブ	-
アクアオーブ+	-
アクアオーブ++	-
アクアジェム	水宝石
アクアジェム+	水宝石+
アクアジェム++	水宝石++
アクアブック	-
アクアブック+	-
アクアブック++	-
アクセルダメージカット	Accele伤害削减
アタック	攻击
アビリティは解除不可	不可解除能力
アマネシキ	アマネシキ（Amane Shiki）<!-- 天音四季 -->
アリナが街にやってくる ～ホワイト・クリスマス・ラプソディ～	阿莉娜进城来 ～白色圣诞狂想曲～
イキガミの毛玉	生神的毛球
イキガミの水瓶	生神的水瓶
イノセント・ジェムの欠片	纯真宝石的碎片
インフィニット	无限
エクシード	极限
エピソードレベル	篇章等级
オウルのバケツ	猫头鹰的桶
オーブ	宝玉<!-- 通用图标 -->
オーブ+	宝玉+<!-- 通用图标 -->
オーブ++	宝玉++<!-- 通用图标 -->
カウンター無効	反击无效
カラフル	Colorful
カレンダー入手時	日历表获得时
カースチップ	诅咒晶片（CC）
カースチップ(CC)の獲得量UP	CC获得量UP
カード入手時	贺卡获得时
ガチャチケット	扭蛋券
キュレーターのフード	馆长的风帽
クエストでのDROP分、サポート装備分は適用されません	于Quest中掉落者，以及支援装备者不适用
クエスト開始時に	战斗开始时获得
クエスト開始時にHP自動回復	战斗开始时获得HP自动回复
クエスト開始時にMP自動回復	战斗开始时获得MP自动回复
クエスト開始時に『	战斗开始时获得“
クエスト開始時に『防御力UP	战斗开始时获得“防御力UP
クマのボルト	熊的螺栓
クマの襟巻	熊的围巾
クリア・アルバム	纯净相册
クリティカル	暴击
クリティカル無効1回	暴击无效1回
クリティカル無効×1回	暴击无效×1回
クリティカル無効×2回	暴击无效×2回
ゴムのフラッグ	橡胶旗子
ゴムの浮き輪	橡胶泳圈
サクマミツロ	[https://x.com/sakuma_mi サクマミツロ（Sakuma Mitsuro）]
ササギコウシ	[https://x.com/kohshi_sasagi ササギコウシ（Sasagi Koushi）]<!-- 佐佐木光
ササギコウシ・ふてね	[https://x.com/kohshi_sasagi ササギコウシ（Sasagi Koushi）]、ふてね（Fute
サポート	辅助
サポートPt	支援Pt
サンタのひげ	圣诞胡子
サヴァイブ	Survive
サヴァイヴ	Survive
シソ	[https://x.com/si_soo シソ（Shiso）]
シャフト	[http://www.shaft-web.co.jp Shaft]
スキルクイック	技能冷却加速
スキル不可	技能封印
スキル不可無効	技能封印无效
スタッフのキースイッチ	职员的开关钥匙
スタン	眩晕
スタン無効	眩晕无效
スピーカーのベル	扬声器的喇叭
スミカワ	スミカワ（Sumikawa）
セブン・アークス・ピクチャーズ	[http://www.7arcs.co.jp/company/ SEVEN ARCS PICTURES]
タルト	塔鲁特
ターゲット生存時に必ず追撃	目标生存时必定追击
ダメージUP	伤害UP
ダメージアップ	伤害上升
ダメージアップ状態	伤害上升状态
ダメージカット	伤害削减
ダメージカット無視	无视伤害削减
ダメージカット状態	伤害削减状态
ダリク	[https://x.com/uedrk_yamato ダリク（Dariku）]
ダークオーブ	-
ダークオーブ+	-
ダークオーブ++	-
ダークジェム	暗宝石
ダークジェム+	暗宝石+
ダークジェム++	暗宝石++
ダークブック	-
ダークブック+	-
ダークブック++	-
チャーム無効	魅惑无效
ディフェンス	防御
デイリーコイン	日常币
デスティニークリスタル	命运水晶
デスティニーボトル	命运瓶子
デバフを1回無効	Debuff1回无效
デバフを2回無効	Debuff2回无效
デバフを3回無効	Debuff3回无效
デバフ効果を1回反射	Debuff效果反射1回
デバフ効果を1回無効	Debuff效果1回无效
デバフ効果を2回反射	Debuff效果反射2回
デバフ効果を2回無効	Debuff效果2回无效
デバフ効果を3回無効	Debuff效果3回无效
デバフ効果を延長	Debuff效果延长
デバフ効果・状態異常を1回無効	Debuff效果·状态异常1回无效
デバフ効果・状態異常を2回無効	Debuff效果·状态异常2回无效
デバフ解除	Debuff解除
ドッペル	魔女化身
ドッペルダメージUP	Doppel伤害UP
ドリンク入手時	饮料获得时
ニャン☆ぷぅ	ニャン☆ぷぅ（NYAN☆Puu）<!-- 喵☆噗 -->
ニリツ	[https://x.com/Ann_NH ニリツ（Niritsu）]
ネオマギウス	Neo-Magius
ハノカゲ	[https://www.pixiv.net/member.php?id=49138 叶之影（Hanokage）]<!-
バフ効果を延長	Buff效果延长
バフ解除	Buff解除
バランス	均衡
バリア(10000)を付与	给与屏障(10000)
バリア(12000)を付与	给与屏障(12000)
バリア(15000)を付与	给与屏障(15000)
バリア(20000)を付与	给与屏障(20000)
バリア(3000)を付与	给予屏障(3000)
バリア(5000)を付与	给与屏障(5000)
バリア(7000)を付与	给与屏障(7000)
バリア(8000)を付与	给与屏障(8000)
パワージェム	力量宝石
ヒゲ	[https://x.com/higejam3 ヒゲ（Hige）]
ヒール	治疗
ビッグフェリスのタービン	大摩天轮的涡轮
ファイルーズあい	菲鲁兹·蓝
ファルまろ ＝ [https://www.pixiv.net/member.php?id	1218472 ファルまろ（fal_maro）]
フォレストオーブ	-
フォレストオーブ+	-
フォレストオーブ++	-
フォレストジェム	木宝石
フォレストジェム+	木宝石+
フォレストジェム++	木宝石++
フォレストブック	-
フォレストブック+	-
フォレストブック++	-
フレイムオーブ	-
フレイムオーブ+	-
フレイムオーブ++	-
フレイムジェム	火宝石
フレイムジェム+	火宝石+
フレイムジェム++	火宝石++
フレイムブック	-
フレイムブック+	-
フレイムブック++	-
ブック	书<!-- 通用图标 -->
ブック+	书+<!-- 通用图标 -->
ブック++	书++<!-- 通用图标 -->
プロテクトジェム	保护宝石
マギア	Magia
マギアダメージ	Magia伤害
マギアダメージDOWN	Magia伤害DOWN
マギアダメージUP	Magia伤害UP
マギアダメージカット	Magia伤害削减
マギアダメージカット状態	Magia伤害削减状态
マギアチップ	魔法碎片
マギアレコード	魔法纪录
マギア不可	Magia封印
マギア不可無効	Magia封印无效
マシマサキ	[https://www.pixiv.net/member.php?id=18403608 マシマサキ（Mashimas
マシマサキ、さくら小春（QP:flapper）	[https://www.pixiv.net/member.php?id=18403608 マシマサキ（Mashimas
マスコットのタテガミ	吉祥物的鬃毛
マスタジェム	全能宝石
マスタジェム+	全能宝石+
マスタジェム++	全能宝石++
マスタージェム	全能宝石
マスタージェム+	全能宝石+
マスタージェム++	全能宝石++
マチビト馬の車輪	待人马的车轮
ミスティック	神秘
ミラーズ	镜界
ミラーズコイン	-
ムラ黒江	[https://x.com/toyphel_mc 村黑江]
メダル入手時	奖牌获得时
メリッサの錬金薬	梅丽莎的炼金药
メリッサの髪飾り	梅丽莎的发饰
メールのグライダー	邮件的滑翔机
ヤスダスズヒト	[https://x.com/suzupin 安田典生]
ユメおと	梦音
ライトオーブ	-
ライトオーブ+	-
ライトオーブ++	-
ライトジェム	光宝石
ライトジェム+	光宝石+
ライトジェム++	光宝石++
ライトブック	-
ライトブック+	-
ライトブック++	-
ライフジェム	生命宝石
ランダム2回　ダメージ	随机2次 伤害
ランダム3回　ダメージ	随机3次 伤害
ランダム4回 ダメージ	随机4次 伤害
ランダム4回　ダメージ	随机4次 伤害
ランダム4回　属性強化ダメージ	随机4次 属性强化伤害
ランダム5回 ダメージ	随机5次 伤害
ランダム5回　ダメージ	随机5次 伤害
ランダム5回　属性強化ダメージ	随机5次 属性强化伤害
リュトンのリボン	角杯的缎带
リン☆ユウ	[https://www.pixiv.net/member.php?id=4754550 リン☆ユウ（Rin☆Yuu）]
リース入手時	花环获得时
レインボーオーブ	-
ワルプルギスの夜	魔女之夜
ヴァリアブル	Variable
一十九二	一十九二<!-- Hitokuni -->
七森龍	[https://x.com/NanamoriRyo 七森龙]
七海やちよ	七海八千代
七瀬彩夏	七濑彩夏
七草入手時	七草入手时
三栗あやめ	三栗菖蒲
三森すずこ	三森铃子
三色のビー玉	三色玻璃球
三芳良	三芳良<!-- Miyoshi Ryō -->
上坂すみれ	上坂堇
上田麗奈	上田丽奈
与えるダメージ	造成伤害
与えるダメージDOWN	造成伤害DOWN
与えるダメージUP	造成伤害UP
与えるダメージ・防御力・状態異常耐性DOWN	造成伤害·防御力·状态异常耐性DOWN
丸岡和佳奈	丸冈和佳奈
丹下桜	丹下樱
二葉さな	二叶莎奈
五十鈴れん	五十铃怜
井澤詩織	井泽诗织
亜里紗のキャンディ	亚里纱的糖果
亜里紗のリボン	亚里纱的缎带
人工知能のコード	人工智能的代码
仲間戦闘不能時攻撃力・防御力UP	同伴战斗不能时攻击力、防御力UP
伊吹れいら	伊吹丽良
伊坂わさび	[https://x.com/f_isaka248 伊坂山葵]
伊瀬茉莉也	伊濑茉莉也
伊藤かな恵	伊藤加奈惠
伊藤かな恵、尾崎由香	伊藤加奈惠、尾崎由香
低HPほど威力UP	随HP降低而威力UP
佐倉綾音	佐仓绫音
佳村はるか	佳村遥
偏愛の欠片	偏爱的碎片
働きグマのウワサ	工熊之谣
光属性ダメージカット	光属性伤害削减
光属性ダメージカット状態	光属性伤害削减状态
光属性攻撃力UP	光属性攻击力UP
兎塚エイジ	[https://x.com/usatsukaeiji 兔塚英志]<!-- Usatsuka Eiji-->
全ディスク効果DOWN	全Disk效果DOWN
全ディスク効果UP	全Disk效果UP
八重樫南	[https://www.pixiv.net/member.php?id=139994 八重樫南]<!--Yae Gas
八雲みたま	八云御魂
円環サポート	圆环辅助
円環マギア	圆环Magia
再度Discを引く	再次抽取Disc
冷蝉	[https://weibo.com/p/1005052105673702 冷蝉]
凪良	[http://www.sec.or.tv/ 凪良]<!-- Nagi Ryou -->
劇団イヌカレー	[https://x.com/gekidaninucurry 剧团狗咖喱]<!-- 剧团犬咖喱 -->
劇団イヌカレー（泥犬）	[https://x.com/gekidaninucurry 剧团狗咖喱（泥犬）]
加賀見まさら	加贺见真良
加隈亜衣	加隈亚衣
勝利のメダル入手時	胜利的勋章获得时
匈歌ハトリ	[https://www.pixiv.net/member.php?id=9200 匈歌ハトリ]<!-- Kyouka
十咎ももこ	十咎桃子
千歳ゆま	千岁由麻
千里GAN	[https://www.pixiv.net/member.php?id=1294530 千里GAN]
南京錠の鎖	挂锁的链条
南條愛乃	南条爱乃
原案・監修：劇団イヌカレー（泥犬）	原案·监修：剧团狗咖喱（泥犬）
原案：f4samurai　　監修：劇団イヌカレー（泥犬）	原案：f4samurai　　监修：剧团狗咖喱（泥犬）
原画：月浦まり 監修：杉山延寛	原画：月浦茉莉 監修：杉山延宽
古賀葵	古贺葵
同じ属性ドロー	重抽为同属性
君と綴る日記	与你谱写的日记
君の銀の庭	妳的銀色庭園
吟	[https://x.com/g_woyoyo 吟]
吟の筆	吟之笔<!-- Gin no Fude -->
呉キリカ	吴纪里香
呪い	诅咒
呪い無効	诅咒无效
味方を必ずかばう	必定保护同伴
味方一人	同伴1人
呼び水となりて綻び	成为导火索的裂痕
和氣あず未	和气杏未
和泉風花	和泉风花
回復薬セット(中)	回复药套装(中)
回復薬セット(小)	回复药套装(小)
回避無効	回避无效
国宝ハイエンド	国宝High End
坂本真綾	坂本真绫
夏吉ゆうこ	夏吉优子
夏川椎菜、佐倉綾音	夏川椎菜、佐仓绫音
夏目かこ	夏目佳子
夜ノみつき	[http://nanairo-box.blogspot.com/p/blog-page.html 夜之美月]<!--
大橋彩香	大桥彩香
大熊まい	[https://x.com/m_okuma0831 大熊麻衣]
大西亜玖璃	大西亚玖璃
天城サリー	天城莎莉
天杉貴志	[http://www007.upp.so-net.ne.jp/nekonoji/ 天杉贵志]<!-- Tensugi
天野聡美	天野聪美
始まりの焚火入手時	起始的篝火入手时
嫌悪の欠片	嫌恶的碎片
嫌悪の欠片+	嫌恶的碎片+
嫌悪の欠片++	嫌恶的碎片++
子守の取っ手	儿童把手
子守の台座	儿童底座
宇宙一のレシピ	宇宙第一食谱
安済知佳	安济知佳
安齋由香里	安斋由香里
宝崎市立光塚中等教育学校	宝崎市立光-
宝崎市立第一中学校	宝崎市立第一中学校<!--たからざきしりつだいいち-->
宝崎順心学園	宝崎顺心学园 <!--たからざきじゅんしん-->
宮本サトル	[https://x.com/27miyamoto 宫本悟]
宮野アキヒロ	[https://x.com/miyanoakihiro00 宫野AKIHIRO(秋广)]
富士フジノ	[https://x.com/fujino114 富士フジノ]
富田美憂	富田美忧
対魔女ダメージアップ	对魔女伤害上升
小倉唯	小仓唯
小倉唯（アイ：咲々木瞳）	小仓唯（爱：咲咲木瞳）
小坂井祐莉絵	小坂井祐莉绘
小森ニコ	小森ニコ<!-- 小森尼可 -->
小清水亜美	小清水亚美
小澤亜李	小泽亚李
屋上のバルーン	屋顶的气球
屋上の鍵	屋顶钥匙
山村洋貴	山村洋贵
山茶花の跡	山茶花之跡
岡咲美保	冈咲美保
岸田隆宏	岸田隆宏<!-- Kishida Takahiro-->
峯田茉優	峰田茉优
巴マミ	巴麻美
市ノ瀬加那	市之濑加那
常盤ななか	常盘七夏
平松正樹/天杉貴志	[https://x.com/hiramac10 平松正树]/[http://www007.upp.so-net.ne.
幸村恵理	幸村惠理
幻惑無効	幻惑无效
弘司 ＝ [https://www.pixiv.net/member.php?id	254579 弘司]
弱点属性で攻撃されたときMPUP	被弱点属性攻击时MPUP
御園かりん	御园花凛
徳井青空	德井青空
必ずかばう	必定保护
必ずやけど	必定烧伤
必ずやけど無効	必定烧伤无效
必ずカウンター	必定反击
必ずカウンター無効	必定反击无效
必ずクリティカル	必定暴击
必ずスキル不可	必定技能封印
必ずスキル不可・マギア不可	必定技能封印、Magia封印
必ずスキル不可無効	必定技能封印无效
必ずスタン	必定眩晕
必ずスタン無効	必定眩晕无效
必ずダメージカット無視	必定无视伤害削减
必ずマギア不可	必定Magia封印
必ずマギア不可無効	必定Magia封印无效
必ず呪い	必定诅咒
必ず呪い無効	必定诅咒无效
必ず回避	必定回避
必ず回避無効	必定回避无效
必ず幻惑	必定幻惑
必ず幻惑無効	必定幻惑无效
必ず強化カウンター	必定强化反击
必ず強化呪い	必定强化诅咒
必ず強化毒	必定强化毒
必ず拘束	必定拘束
必ず拘束無効	必定拘束无效
必ず挑発	必定挑衅
必ず挑発無視	必定无视挑衅
必ず暗闇	必定黑暗
必ず暗闇無効	必定黑暗无效
必ず毒	必定毒
必ず毒・やけど・霧・暗闇・呪い・幻惑・虚弱	必定毒·烧伤·雾·黑暗·诅咒·幻惑·虚弱
必ず毒無効	必定毒无效
必ず虚弱	必定虚弱
必ず追撃	必定追击
必ず防御無視	必定无视防御
必ず霧	必定雾
必ず霧無効	必定雾无效
必ず魅了	必定魅惑
必ず魅了・呪い・暗闇	必定魅惑、诅咒、黑暗
必ず魅了無効	必定魅惑无效
志伸あきら	志伸晶
怪獣のツノ	怪兽的角
恍惚の欠片	恍惚的碎片
恍惚の欠片+	恍惚的碎片+
恍惚の欠片++	恍惚的碎片++
恐怖の欠片	恐怖的碎片
恐怖の欠片+	恐怖的碎片+
恐怖の欠片++	恐怖的碎片++
悠木碧、麻倉もも	悠木碧、麻仓桃
悪魔	恶魔
悲嘆の欠片	悲叹的碎片
悲嘆の欠片+	悲叹的碎片+
悲嘆の欠片++	悲叹的碎片++
感情の欠片セット(嫌悪)	感情的碎片套装(嫌恶)
感情の欠片セット(恍惚)	感情的碎片套装(恍惚)
感情の欠片セット(恐怖)	感情的碎片套装(恐怖)
感情の欠片セット(悲嘆)	感情的碎片套装(悲叹)
感情の欠片セット(敬愛)	感情的碎片套装(敬爱)
感情の欠片セット(期待)	感情的碎片套装(期待)
感情の欠片セット(激怒)	感情的碎片套装(激怒)
感情の欠片セット(驚嘆)	感情的碎片套装(惊叹)
慈愛の欠片	慈爱的碎片
戦闘不能時に	战斗不能时获得
戸松ゆきな	户松雪菜
戸流ケイ	[https://ameblo.jp/toru-zone/ 戸流ケイ（Toru Kei）]<!-- 户流启 -->
拘束無効	拘束无效
拡張ユニット	扩展单元
指出毬亜	指出-
挑発	挑衅
挑発無視	无视挑衅
振子のネジ	钟摆的发条
振子の重心	钟摆的重心
攻撃・防御力DOWN	攻击、防御力DOWN
攻撃力	攻击力
攻撃力DOWN	攻击力DOWN
攻撃力UP	攻击力UP
攻撃力・防御力DOWN	攻击力、防御力DOWN
攻撃力・防御力・Blast ダメージDOWN	攻击力、防御力、Blast伤害DOWN
攻撃時に確率でやけど(2T)を付与	攻击时概率给予烧伤状态(2T)
攻撃時に確率でスキル不可(1T)を付与	攻击时概率给予技能封印状态(1T)
攻撃時に確率でスキル不可(3T)を付与	攻击时概率给予技能封印状态(3T)
攻撃時に確率でスタン(1T)を付与	攻击时概率给予眩晕状态(1T)
攻撃時に確率でマギア不可(1T)付与	攻击时概率给与Magia封印状态(1T)
攻撃時に確率で呪い(1T)を付与	攻击时概率给予诅咒状态(1T)
攻撃時に確率で呪い(2T)を付与	攻击时概率给予诅咒状态(2T)
攻撃時に確率で幻惑(1T)を付与	攻击时概率给予幻惑状态(1T)
攻撃時に確率で強化毒(3T)を付与	攻击时概率给予强化毒状态(3T)
攻撃時に確率で拘束(1T)を付与	攻击时概率给予拘束状态(1T)
攻撃時に確率で拘束(1T)付与	攻击时概率给予拘束状态(1T)
攻撃時に確率で暗闇(1T)を付与	攻击时概率给予黑暗状态(1T)
攻撃時に確率で毒(3T)を付与	攻击时概率给予毒状态(3T)
攻撃時に確率で毒(3T)付与	攻击时概率给予毒状态(3T)
攻撃時に確率で毒・呪い・霧(2T)を付与	攻击时概率给与毒·诅咒·雾状态(2T)
攻撃時に確率で霧(3T)を付与	攻击时概率给予雾状态(3T)
攻撃時に確率で魅了(1T)を付与	攻击时概率给予魅惑状态(1T)
攻撃時に確率で魅了(2T)を付与	攻击时概率给予魅惑状态(2T)
攻撃時確率でスキル不可(1T)付与	攻击时概率给予技能封印状态(1T)
攻撃時確率で幻惑(1T)付与	攻击时概率给予幻惑状态(1T)
攻撃時確率で拘束(1T)付与	攻击时概率给予拘束状态(1T)
攻撃時確率で暗闇(1T)を付与	攻击时概率给予黑暗状态(1T)
攻撃時確率で暗闇(1T)付与	攻击时概率给予黑暗状态(1T)
攻撃時確率で毒(3T)付与	攻击时概率给予毒状态(3T)
攻撃時確率で霧(3T)付与	攻击时概率给予雾状态(3T)
敬愛の欠片	敬爱的碎片
敬愛の欠片+	敬爱的碎片+
敬愛の欠片++	敬爱的碎片++
敵の状態異常の種類が多いほどダメージUP	敌方状态异常种类越多伤害越高
敵全体にダメージ	对敌方全体伤害
敵全体に属性強化ダメージ	对敌方全体属性强化伤害
敵全体ダメージ	对敌方全体伤害
敵単体にダメージ	对敌方单体伤害
敵単体に属性強化ダメージ	对敌方单体属性强化伤害
敵単体ダメージ	对敌方单体伤害
敵状態異常時ダメージUP	敌方状态异常时伤害上升
文倉十	文仓十<!-- Ayakura Jū -->
斎藤千和	斋藤千和
斜文	[https://x.com/630_sham 斜文]<!-- Shamono -->
日笠陽子	日笠阳子
早瀬莉花	早濑莉花
早見沙織	早见沙织
明日への切符入手時	往明日的车票入手时
星和貴	[https://x.com/hoshi_kazuki 星和贵]
星和貴 / 猫杜なな	[https://x.com/hoshi_kazuki 星和贵] / 猫杜奈奈
春名このみ	春名木乃美
春方此花学園	春方此花学园 <!--はるへ-->
春花らん	春花兰
春花らん、進藤あまね	春花兰、进藤天音
暁美ほむら	晓美焰
暗闇	黑暗
暗闇無効	黑暗无效
月咲にコネクトで攻撃力UP	和月咲连携时攻击力UP
月夜にコネクトすると さらにMP回復	和月夜连携时 回复更多MP
期待の欠片	期待的碎片
期待の欠片+	期待的碎片+
期待の欠片++	期待的碎片++
木の実(茶)入手時	树果(茶)获得时
木の実(青)入手時	树果(青)获得时
木属性ダメージカット	木属性伤害削减
木属性ダメージカット状態	木属性伤害削减状态
木属性攻撃力UP	木属性攻击力UP
木戸衣吹	木户衣吹
本渡楓	本渡枫
杜野まこ	杜野真子
東山奈央	东山奈央
東山雄勢	[https://x.com/gass_mountain 东山雄勢]
松井恵理子	松井惠理子
松宮市立第一中学校	松宫市立第一中学校 <!--まつみや-->
板チョコ入手時	巧克力板获得时
果てなしのミラーズ	镜界
枡狐/蛙空	[https://x.com/masugitune 枡狐/蛙空]<!-- Masugitune / Kaerusora
柴乃櫂人	[https://x.com/kr3kaito 柴乃櫂人]<!--Shibano Kaito-->
桑原由気	桑原由气
桑水せいか	桑水清佳
桜木蓮	[https://x.com/sakuragi_ren 樱木蓮]
森なな子	森奈奈子
植田亮	[https://www.pixiv.net/member.php?id=178187 植田亮]<!--Ueda Ryō
楠木ともり	楠木灯
横方向にダメージ	横方向伤害
横方向に属性強化ダメージ	对横方向属性强化伤害
殲滅戦時追加で	歼灭战时追加
毒無効	毒无效
毬子あやか	毬子彩花
水属性ダメージカット	水属性伤害削减
水属性ダメージカット状態	水属性伤害削减状态
水属性攻撃力UP	水属性攻击力UP
水樹奈々	水树奈奈
水橋かおり	水桥香织
水波レナ	水波玲奈
水瀬いのり	水濑祈
汐入あすか	汐入明日香
江利あいみ	江利爱实
沢城みゆき	泽城美雪
河瀬茉希	河濑茉希
洲崎綾	洲崎绫
流亜	流亚
流浪の杭	流浪的桩
流浪の藁	流浪的稻草
海香の覚醒書	海香的觉醒书
海香の魔導書	海香的魔导书
涼本あきほ	凉本秋穗
涼本あきほ、松本花雪	凉本秋穗、松本花雪
深月フェリシア	深月菲莉希亚
渡辺明夫	[https://x.com/akio_w_0727 渡边明夫]
湯の花国際中学・高等学校	汤之花国际中学・高等学校 <!--ゆのはな-->
湯国市立岩切山高等学校	汤国市立岩切山高等学校
湯国市立湯国学園	汤国市立汤国学园 <!--ゆくにしりつ-->
湯国青波学園	汤国青波学园 <!--ゆくにあおなみ-->
激怒の欠片	激怒的碎片
激怒の欠片+	激怒的碎片+
激怒の欠片++	激怒的碎片++
瀕死の味方を必ずかばう	必定保护濒死的同伴
瀕死の味方を確率でかばう	概率保护濒死的同伴
瀕死時攻撃力UP	濒死时攻击力UP
瀕死時攻撃力・防御力UP	濒死时攻击力UP·防御力UP
瀕死時防御力UP	濒死时防御力UP
瀕死時防御力Up	濒死时防御力UP
瀬戸麻沙美	濑户麻沙美
火・水・木属性ダメージカット状態	火·水·木属性伤害削减状态
火属性ダメージカット状態	火属性伤害削减状态
火属性攻撃力UP	火属性攻击力UP
燕尾の羽	燕尾羽
牧カオル	牧薰
状態強化解除	状态强化解除
状態異常の種類が多いほどダメージUP	状态异常种类越多伤害越高
状態異常を1回無効	状态异常1回无效
状態異常を2回無効	状态异常2回无效
状態異常を3回無効	状态异常3回无效
状態異常時ダメージUP	状态异常时伤害上升
状態異常耐性DOWN	状态异常耐性DOWN
状態異常耐性UP	状态异常耐性UP
状態異常解除	状态异常解除
状態異常解除後	状态异常解除后
獲得エピソードP UP	获得篇章点UP
獲得エピソードポイントUP	获得篇章点UP
現在HPの80%	当前HP的80%
環いろは	环伊吕波
田中ちえ美	田中千惠美
田中理恵	田中理惠
田所あずさ	田所梓
田村ゆかり	田村由香里
白つつじ入手時	白杜鹃获得时
白羽女学院	白羽女学院 <!--しらは-->
相坂優歌	相坂优歌
相良茉優	相良茉优
相野みと	相野未都
眞尾ひみか	真尾日美香
矢宵かのこ	矢宵鹿乃子
石原夏織	石原夏织
石原夏織、大橋彩香	石原夏织、大桥彩香
石見舞菜香	石见舞菜香
砂場のシャベル	沙地的铲子
砂場の巻貝	沙地的海螺
確率でかばう	概率保护
確率でやけど	概率烧伤
確率でやけど無効	概率烧伤无效
確率でカウンター	概率反击
確率でカウンター無効	概率反击无效
確率でクリティカル	概率暴击
確率でサヴァイブ	概率Survive
確率でサヴァイヴ	概率Survive
確率でスキルクイック	概率技能冷却加速
確率でスキル不可	概率技能封印
確率でスキル不可無効	概率技能封印无效
確率でスタン	概率眩晕
確率でスタン無効	概率眩晕无效
確率でダメージカット	概率伤害削减
確率でダメージカット無視	概率无视伤害削减
確率でマギア不可	概率Magia封印
確率でマギア不可無効	概率Magia封印无效
確率で呪い	概率诅咒
確率で呪い無効	概率诅咒无效
確率で味方をかばう	概率保护同伴
確率で回避	概率回避
確率で回避無効	概率回避无效
確率で幻惑	概率幻惑
確率で幻惑無効	概率幻惑无效
確率で強化カウンター	概率强化反击
確率で強化毒	概率强化毒
確率で拘束	概率拘束
確率で拘束無効	概率拘束无效
確率で挑発	概率挑衅
確率で挑発無視	概率无视挑衅
確率で暗闇	概率黑暗
確率で暗闇・拘束・スキル不可	概率黑暗、拘束、技能封印
確率で暗闇無効	概率黑暗无效
確率で毒	概率毒
確率で毒・やけど・霧・暗闇・呪い・幻惑	概率毒·烧伤·雾·黑暗·诅咒·幻惑
確率で毒無効	概率毒无效
確率で虚弱	概率虚弱
確率で追撃	概率追击
確率で防御力無視	概率无视防御力
確率で防御無視	概率无视防御
確率で霧	概率雾
確率で魅了	概率魅惑
確率で魅了無効	概率魅惑无效
磯部トースト	[https://x.com/hmty_108 矶部Toast]<!-- 矶部TOOSUTO --> <!--Isobe
神浜市立大学	神滨市立大学 <!--かみはましりつ-->
神浜未来アカデミー	神滨未来学院 <!--かみはまみらい-->
福緒唯	福绪唯
私立直江津高校	私立直江津高校 <!--しりつなおえつ-->
私立聖祥大附属小学校	私立圣祥大学附属小学 <!--しりつせいしょう-->
秋野かえで	秋野枫
秘鷺悠弥	[https://www.wakka-illustorder.com/illustrator.php?id=915&il
種﨑敦美	种崎敦美
立ち耳の包装紙	立耳的包装纸
立ち耳の綿	立耳的棉花
竜ケ崎学院	龙崎学院 <!--りゅうがさき-->
竹花ノート	[https://www.pixiv.net/member.php?id=3303798 竹花ノート]<!-- Take
竹達彩奈	竹达彩奈
粟根こころ	粟根心
紅緒	[https://www.pixiv.net/users/644229 红绪]<!-- Benio -->
絵西	[https://x.com/d15_17 绘西]
絵馬の水引	-
縦方向にダメージ	纵方向伤害
縦方向に属性強化ダメージ	对纵方向属性强化伤害
羊の角	-
羊の角笛	羊角笛
羊宮妃那	羊宫妃那
美凪ささら	美凪纱纱罗
美樹さやか	美树沙耶香
耐える	忍耐
胡桃まなか	胡桃爱香
自分のDiscドロー	重抽为自己的Disc
自分のMPが10%溜まった状態でバトル開始	以自己的MP积累10%的状态开始战斗
自分のMPが15%溜まった状態でバトル開始	以自己的MP积累15%的状态开始战斗
自分のMPが20%溜まった状態でバトル開始	以自己的MP积累20%的状态开始战斗
自分のMPが40%溜まった状態でバトル開始	以自己的MP积累40%的状态开始战斗
自分のMPが50%溜まった状態でバトル開始	以自己的MP积累50%的状态开始战斗
自分の防御DOWN	自身防御DOWN
自分防御DOWN	自身防御DOWN
自身にクリティカル無効×1回	自身暴击无效×1回
自身にクリティカル無効×1回』を発動	自身暴击无效×1回”的状态
自身にクリティカル無効×２回	自身暴击无效×2回
自身にクリティカル無効×２回』を発動	自身暴击无效×2回”的状态
自身にスキル不可	自身技能封印
自身にダメージ	对自己伤害
自身に呪い	自身诅咒
自身に必ず呪い	自身必定诅咒
自身に必ず回避	自身必定闪避
自身に必ず暗闇	自身必定黑暗
自身に必ず追撃	自身必定追击
自身に確率で追撃	自身概率追击
自身に追撃	自身追击
色鉛筆入手時	彩色铅笔获得时
花澤香菜	花泽香菜
若山詩音	若山诗音
茜ヶ咲中学校	茜之咲中学校 <!--あかねがざき-->
茨乃	[https://www.pixiv.net/member.php?id=67388 茨乃]
茶ちえ	[https://x.com/sachie6005 茶CHIE]<!-- Sachie -->
蒼樹うめ	[http://ap.sakuraweb.com/ 苍树梅]
蒼樹うめ、ぷにゃん	[http://ap.sakuraweb.com/ 苍树梅]、ぷにゃん（Punyan）
藤ちょこ	[https://www.pixiv.net/member.php?id=27517 藤原]
蘇生	苏生
蛇の宮中学・高等学校	蛇之宫中学・高等学校 <!--じゃのみや-->
被ダメージ上昇(3000)を付与	给予受伤害上升(3000)
被ダメージ時MPUP	被攻击时MPUP
記憶スタッフのウワサ	记忆职员之谣
記憶ミュージアムのウワサ	记忆博物馆之谣
諸星すみれ	诸星堇
谷口淳一郎	[https://x.com/syaorin_2009 谷口淳一郎]
豊田萌絵	丰田萌绘
貝殻(赤)入手時	贝壳(红)获得时
貝殻(青)入手時	贝壳(青)获得时
赤つつじ入手時	红杜鹃获得时
赤井てら	[https://x.com/_a_k_a_i 赤井てら]
赤尾ひかる	赤尾光
追想の欠片	回想的碎片
追撃	追击
進藤あまね	进藤天音
都ひなの	都雏乃
都筑禰己	[https://x.com/tsudukineko -
重複不可	不可重复
野中藍	野中蓝
金元寿子、竹達彩奈	金元寿子、竹达彩奈
釘宮理恵	钉宫理惠
釘宮理恵、諸星すみれ	钉宫理惠、诸星堇
鈴代紗弓	铃代纱弓
鈴木みのり	铃木实里
鈴木絵理	铃木绘理
鏡の招待状	镜之邀请函
長縄まりあ	长绳麻理亚
闇属性ダメージカット	暗属性伤害削减
闇属性ダメージカット状態	暗属性伤害削减状态
闇属性攻撃力UP	暗属性攻击力UP
闇属性耐性DOWN	暗属性耐性DOWN
防御力Up	防御力UP
防御無視	无视防御
階段のモニュメント	阶梯的纪念碑
雨宮天	雨宫天
雨宮天、中原麻衣	雨宫天、中原麻衣
雫のチャーム	水滴挂饰
霧	雾
霧峰村立霧峰中学校	雾峰村立雾峰中学校 <!--きりみね-->
霧無効	雾无效
青味ドリ	[https://x.com/dori_blueness 青味ドリ]<!--Aomi Dori-->
静海このは	静海木叶
飯田ヒカル	饭田光
飯田志穂	饭田志穗<!-- Iita Shiho -->
騎士団のメダル入手時	骑士团的勋章入手时
驚嘆の欠片	惊叹的碎片
驚嘆の欠片+	惊叹的碎片+
驚嘆の欠片++	惊叹的碎片++
高柳知葉	高柳知叶
高橋李依	高桥李依
高野麻里佳、和氣あず未	高野麻里佳、和气杏未
鬼頭明里	鬼头明里
魅了	魅惑
魅了無効	魅惑无效
魔導書のページ	魔导书页
魔法少女まどか☆マギカ Ultimate Best	魔法少女小圆 Ultimate Best
鮠水ちか	[https://www.pixiv.net/member.php?id=2395076 鮠水ちか（Hayami Chi
鷲見友美ジェナ	鹫见友美Jiena
鹿目まどか	鹿目圆
麻倉もも	麻仓桃
麻倉もも、石見舞菜香	麻仓桃、石见舞菜香
麻倉もも、花澤香菜	麻仓桃、花泽香菜
麻倉もも、雨宮天	麻仓桃、雨宫天
黒木ほの香	黑木穗乃香
２パターンの効果がランダムで発動	从2种效果中随机发动
ｱﾙﾃｨﾒｯﾄ	究极
