ja_tsv	zhCN_tsv	confidence	state	charaNo	messageId	message_scope	cn_keys	contains_at_marker	requires_runtime_capture
“乙女”か…タルトはすごい人気ね	「圣女」……塔鲁特她真是受人欢迎啊。	key_aligned	new	4022	11	character_profile_or_lobby	vo_char_4022_00_11_hca	False	True
…あの、私…強いんですか？	……那个，我……很强吗？	key_aligned	new	1004	46	battle_result	vo_char_1004_00_46_hca	False	False
…あの頃は…地獄が永遠に続くと思ってた…	…那时候…还以为地狱会永久持续下去…	key_aligned	new	1023	8	character_profile_or_lobby	vo_char_1023_00_08_hca	False	True
…うぅ、ドジしたいわけじゃないもん…	……呜呜，我也不想这么笨手笨脚的啊……	key_aligned	new	1030	8	character_profile_or_lobby	vo_char_1030_00_08_hca	False	True
…うん、もう敵の気配はないね、@お疲れ様！	……嗯，已经没有敌人的气息了呢。辛苦了！	key_aligned	new	4032	45	battle_result	vo_char_4032_00_45_hca	True	True
…さよなら	永别了。	key_aligned	new	4031	43	battle_result	vo_char_4031_00_43_hca	False	False
…それも全ては私の力不足のせいです…	这全是我实力不够的错……	key_aligned	new	4021	10	character_profile_or_lobby	vo_char_4021_00_10_hca	False	True
…ちょっと素直すぎませんこと	……你是不是单纯过头了？	key_aligned	new	4026	9	character_profile_or_lobby	vo_char_4026_00_09_hca	False	True
…なんで、あたしたちなのかな？	……为什么是我们啊？	key_aligned	new	2004	10	character_profile_or_lobby	vo_char_2004_00_10_hca	False	True
…はっ！また妄想を…	…はっ！また妄想を…	key_aligned	new	3056	11	character_profile_or_lobby	vo_char_3056_00_11_hca	False	True
…まぁ、いっか。タダ飯なら頂くよ	唔，好吧。\n既然是免费的一餐饭，那我就接受了。	key_aligned	new	2006	8	character_profile_or_lobby	vo_char_2006_00_08_hca	False	True
…もう誰にも頼らない	……我已经不会再依赖任何人。	key_aligned	new	2002	9	character_profile_or_lobby	vo_char_2002_00_9_hca	False	True
…人間、浮くようにできてないんだよ	……人，并不是天生就能浮起来的啊！	key_aligned	new	2600	10	character_profile_or_lobby	vo_char_2600_00_10_hca	False	True
…教訓は得られたかな？	…吸取了教训了吗？	key_aligned	new	3038	43	battle_result	vo_char_3038_00_43_hca	False	False
…私ね、未来から来たんだよ	……我，是从未来而来的。	key_aligned	new	2002	11	character_profile_or_lobby	vo_char_2002_00_11_hca	False	True
「いま、私たちの息が…！」@『うん！ぴったりだった！』	刚才，我们的步调……嗯！完全一致！	key_aligned	new	3501	46	battle_result	vo_char_3501_00_46_hca	True	True
「ビッグウェーブに乗れたね！」@『ねー！』	乘上大浪了呢！\n对吧——	key_aligned	new	1118	45	battle_result	vo_char_1118_00_45_hca	True	True
「ワー、イイ天気ダナ」…セリフ読み苦手…	“哇，天气真好”……我不擅长念台词啊……	key_aligned	new	1030	11	character_profile_or_lobby	vo_char_1030_00_11_hca	False	True
『大丈夫!?』@「うん…ありがとう…」	没事吧？嗯……谢谢……	key_aligned	new	3501	45	battle_result	vo_char_3501_00_45_hca	True	True
『私たちの勝ちにございます』@「ねー！」	这是我们的胜利。\n对吧——	key_aligned	new	1118	46	battle_result	vo_char_1118_00_46_hca	True	True
あ…！こっち！魔女を感じる！	啊……！这边！我感觉到魔女了！	key_aligned	new	4011	12	character_profile_or_lobby	vo_char_4011_00_12_hca	False	True
あ、いえ、そんな、私なんかお構いなく…	啊，不是，那个，不用在意我……	key_aligned	new	1004	8	character_profile_or_lobby	vo_char_1004_00_08_hca	False	True
あ、一円見っけ！いえい！	啊，发现一块钱！耶！	key_aligned	new	3020	8	character_profile_or_lobby	vo_char_3020_00_08_hca	False	True
あ、忘れ物しちゃいました…	啊，我有东西落下了……	key_aligned	new	3032	9	character_profile_or_lobby	vo_char_3032_00_09_hca	False	True
あ、急がないと！@お手伝いの時間なのに！	啊，得赶紧了！都到了该去帮忙的时间了！	key_aligned	new	1027	46	battle_result	vo_char_1027_00_46_hca	True	True
あぁ…いやな予感がしてきました…	啊……有种不好的预感……	key_aligned	new	3017	8	character_profile_or_lobby	vo_char_3017_00_08_hca	False	True
あぁ…これこそが本当の愛ってやつだね…！	啊……这才是真正的爱吧……！	key_aligned	new	4002	12	character_profile_or_lobby	vo_char_4002_00_12_hca	False	True
ああ、鶴乃ちゃん！手を握ってて～！	啊，鹤乃！握住我的手！	key_aligned	new	1101	11	character_profile_or_lobby	vo_char_1101_00_11_hca	False	True
あたし…ネコじゃないけど…	我……并不是猫……	key_aligned	new	3049	8	character_profile_or_lobby	vo_char_3049_00_08_hca	False	True
あたしに泳ぎを見て欲しいって…？	想让我看你的游泳……？	key_aligned	new	2600	12	character_profile_or_lobby	vo_char_2600_00_12_hca	False	True
あたしのアタック、@いいキレだったろ？	我的攻击，很完美对吧？	key_aligned	new	2600	44	battle_result	vo_char_2600_00_44_hca	True	True
あたしはね、何が何でも生きてみせる	我啊，无论如何都要活下去。	key_aligned	new	2006	9	character_profile_or_lobby	vo_char_2006_00_09_hca	False	True
あたしは感じたままに生きていくの！	我是凭感觉活下去的！	key_aligned	new	3018	9	character_profile_or_lobby	vo_char_3018_00_09_hca	False	True
あたしゃ曲がった事がでーっきれーなんだ！	あたしゃ曲がった事がでーっきれーなんだ！	key_aligned	new	3058	6	character_profile_or_lobby	vo_char_3058_00_06_hca	False	True
あっ、そろそろ今年の尊崇税納めなきゃ…	啊，差不多该要交今年的尊崇税了…	key_aligned	new	1109	9	character_profile_or_lobby	vo_char_1109_00_09_hca	False	True
あっ、美味しそうな果物！食べちゃえー	啊，看上去很好吃的水果！让我来吃掉它吧—	key_aligned	new	1109	8	character_profile_or_lobby	vo_char_1109_00_08_hca	False	True
あっちで飛び込みできるって！	听说那边可以玩跳水！	key_aligned	new	2600	8	character_profile_or_lobby	vo_char_2600_00_08_hca	False	True
あっは！そんなのどうでもいいでしょ？	啊哈！那种事随它去好了。	key_aligned	new	3018	8	character_profile_or_lobby	vo_char_3018_00_08_hca	False	True
あっ！このテープカッター可愛い！	啊！这个胶带切割器好可爱！	key_aligned	new	1030	9	character_profile_or_lobby	vo_char_1030_00_09_hca	False	True
あなたが、私の妹でございますか…？	你，可是我的妹妹……？	key_aligned	new	1018	6	character_profile_or_lobby	vo_char_1018_00_06_hca	False	True
あなたが、私を呼んだの？	是你在叫我吗？	key_aligned	new	2001	10	character_profile_or_lobby	vo_char_2001_00_10_hca	False	True
あなたと…一緒にいてもいいですか？	我可以……和你一起吗？	key_aligned	new	3016	11	character_profile_or_lobby	vo_char_3016_00_11_hca	False	True
あなたには関係ない	和你无关。	key_aligned	new	2002	6	character_profile_or_lobby	vo_char_2002_00_06_hca	False	True
あなたの夢を叶えるまで…@私は死なないから…	在你的梦想实现之前……我是不会死的……	key_aligned	new	3053	45	battle_result	vo_char_3053_00_45_hca	True	True
あなたの運勢…「大凶」ねっ	你的运势……是「大凶」啊。	key_aligned	new	1117	45	battle_result	vo_char_1117_00_45_hca	False	False
あなたはどんな夢を叶えるつもり？	你想实现什么梦想？	key_aligned	new	2005	10	character_profile_or_lobby	vo_char_2005_00_10_hca	False	True
あなたを大切に思う人のことも考えて!?	你也要考虑一下珍视你的人啊！	key_aligned	new	2002	10	character_profile_or_lobby	vo_char_2002_00_10_hca	False	True
あの…２部の主人公も私ですよね？	那个……第二部的主角也是我吧？	key_aligned	new	1201	12	character_profile_or_lobby	vo_char_1201_00_12_hca	False	True
あの人が…巴マミなのですね…	那个人……就是巴麻美了吧……	key_aligned	new	2007	10	character_profile_or_lobby	vo_char_2007_00_10_hca	False	True
あの子、私とまるで瓜二つでございます！	那个女孩，跟我宛如一个模子里刻出来的！	key_aligned	new	1018	11	character_profile_or_lobby	vo_char_1018_00_11_hca	False	True
あの方が告げた刻限ですわ！	已经到了那个人说的时刻了！	key_aligned	new	4024	8	character_profile_or_lobby	vo_char_4024_00_08_hca	False	True
あま～いお汁粉が待ってるよ…！	甜甜的~年糕小豆汤在等着我呢……！	key_aligned	new	2100	43	battle_result	vo_char_2100_00_43_hca	False	False
あら…同じ条件で私に勝てる？	哼……同样的状况下你能赢过我吗？	key_aligned	new	2005	12	character_profile_or_lobby	vo_char_2005_00_12_hca	False	True
あら、わたしでもやれるものねぇ♪	哎呀，我也能做到了呢～	key_aligned	new	1017	43	battle_result	vo_char_1017_00_43_hca	False	False
あらかた片付いたかしら	大致收拾掉了吧	key_aligned	new	4026	46	battle_result	vo_char_4026_00_46_hca	False	False
ありがとう、ツバメさんっ！	谢谢你，燕子！	key_aligned	new	1015	45	battle_result	vo_char_1015_00_45_hca	False	False
ありがとうみんな、とっても助かるわ	谢谢大家，帮了很多忙。	key_aligned	new	1017	46	battle_result	vo_char_1017_00_46_hca	False	False
あれもこれも、なぎさが食べちゃうのです！	这些还有那些，小渚都要吃个干净的说！	key_aligned	new	2007	11	character_profile_or_lobby	vo_char_2007_00_11_hca	False	True
あれ～？口笛吹いたら鳥が集まってきた!?	诶？吹了一声口哨，鸟都围了过来！？	key_aligned	new	3015	10	character_profile_or_lobby	vo_char_3015_00_10_hca	False	True
あー!?環いろは…どうしてここに!?	啊！环彩羽……\n为什么会在这！？	key_aligned	new	1118	6	character_profile_or_lobby	vo_char_1118_00_06_hca	False	True
あーあ…アタシって本っ当タイミング悪い！	哎呀……我真是又赶了个坏时机！	key_aligned	new	1010	12	character_profile_or_lobby	vo_char_1010_00_12_hca	False	True
あーしってば鬼レベ！	我可是恶魔级别的哦！	key_aligned	new	3006	46	battle_result	vo_char_3006_00_46_hca	False	False
あーし的にはイケてると思うけど？	我觉得这很有魅力哦?	key_aligned	new	3006	8	character_profile_or_lobby	vo_char_3006_00_08_hca	False	True
あーだりー！面倒くせーのだいきらいー！	啊——好累啊！这么麻烦的事好讨厌啊！	key_aligned	new	1005	7	character_profile_or_lobby	vo_char_1005_00_07_hca	False	True
あーっ！うさちゃんが！	啊——！是小兔子！	key_aligned	new	4032	7	character_profile_or_lobby	vo_char_4032_00_07_hca	False	True
あ～、おなかへったなぁ～…	啊~，肚子饿了呢……	key_aligned	new	4011	8	character_profile_or_lobby	vo_char_4011_00_08_hca	False	True
あ～、ドキドキしたっ！ふふっ	啊，真刺激！嗯哼。	key_aligned	new	3016	44	battle_result	vo_char_3016_00_44_hca	False	False
い、いかん！ついつい煩悩が…！	い、いかん！ついつい煩悩が…！	key_aligned	new	3058	8	character_profile_or_lobby	vo_char_3058_00_08_hca	False	True
いいものじゃないわよ。魔法少女なんて…	魔法少女才不是什么好差事呢……	key_aligned	new	2005	9	character_profile_or_lobby	vo_char_2005_00_09_hca	False	True
いいレポートが書けそうだ！	看来能写出不错的报告了！	key_aligned	new	3003	45	battle_result	vo_char_3003_00_45_hca	False	False
いい天気だな…絶好の海水浴日和だ	真是好天气啊……\n是海水浴的绝佳日子。	key_aligned	new	2600	6	character_profile_or_lobby	vo_char_2600_00_06_hca	False	True
いえいえ…こんな簡単に終わるはずが…	不对不对……应该不会这么简单就结束……	key_aligned	new	3017	9	character_profile_or_lobby	vo_char_3017_00_09_hca	False	True
いえい！勝ち～！	耶！胜利～！	key_aligned	new	3006	43	battle_result	vo_char_3006_00_43_hca	False	False
いえーい！オレの勝ち～！	耶——！是咱赢了！	key_aligned	new	1005	43	battle_result	vo_char_1005_00_43_hca	False	False
いずれはみんな宇宙の塵や、@かんにんしてや	大家总归会变成宇宙的尘埃，抱歉了	key_aligned	new	1041	46	battle_result	vo_char_1041_00_46_hca	True	True
いっせーのーせ、あっちむいてキュンッ！	让我们一起，朝着那边吧！	key_aligned	new	3053	8	character_profile_or_lobby	vo_char_3053_00_08_hca	False	True
いつか、絶対にあなたを救ってみせる…！	终有一天，我一定会拯救你……！	key_aligned	new	2002	7	character_profile_or_lobby	vo_char_2002_00_07_hca	False	True
いつだって上手く言葉が出てこない	我总是没法好好表达。	key_aligned	new	3025	11	character_profile_or_lobby	vo_char_3025_00_11_hca	False	True
いらっしゃいませ！唐揚げができましたよ！	您来啦！炸鸡已经做好了哦！	key_aligned	new	3035	6	character_profile_or_lobby	vo_char_3035_00_06_hca	False	True
いろいろな釣り餌を用意してみました	我准备了各种鱼饵。	key_aligned	new	2300	10	character_profile_or_lobby	vo_char_2300_00_10_hca	False	True
いろはさん、今なにをしてるんでしょうか…	彩羽，你在做什么呀……	key_aligned	new	1004	12	character_profile_or_lobby	vo_char_1004_00_12_hca	False	True
いーい感じ～♪	感觉不错～♪	key_aligned	new	3006	45	battle_result	vo_char_3006_00_45_hca	False	False
いーーーーやっ	不——行。	key_aligned	new	1007	7	character_profile_or_lobby	vo_char_1007_00_07_hca	False	True
うぅ…ビーチボールを顔で受けてしまって…	呜……沙滩球打到脸了……	key_aligned	new	2300	8	character_profile_or_lobby	vo_char_2300_00_08_hca	False	True
うう…まためちゃくちゃ怒られちゃった…	呜……又被凶了一顿……	key_aligned	new	1003	10	character_profile_or_lobby	vo_char_1003_00_10_hca	False	True
ううぅぅ…お腹が空いて、力が…	呜呜呜…肚子空空的，没有力气了…	key_aligned	new	3024	11	character_profile_or_lobby	vo_char_3024_00_11_hca	False	True
うちの看板犬、豆柴のマメジですわんっ！	这是我家的看板狗，豆柴犬“豆吉”汪！	key_aligned	new	3035	8	character_profile_or_lobby	vo_char_3035_00_08_hca	False	True
うむ、満足だ！	嗯，满足了！	key_aligned	new	3003	43	battle_result	vo_char_3003_00_43_hca	False	False
うむ！大儀であった！なんて冗談です～	嗯！费了好大劲！哎呀开玩笑的说~	key_aligned	new	3033	46	battle_result	vo_char_3033_00_46_hca	False	False
うん…！@そろそろおやつの時間なのです！	嗯！差不多是吃点心的时间了的说！	key_aligned	new	2007	45	battle_result	vo_char_2007_00_45_hca	True	True
うん、なかなか楽しかったよ	嗯，真是愉快呢！	key_aligned	new	4002	45	battle_result	vo_char_4002_00_45_hca	False	False
うん、逃げ切りましたね！	唔，跑掉了呢！	key_aligned	new	3017	46	battle_result	vo_char_3017_00_46_hca	False	False
うんうん、@いっぱいアドレナリンが出てるねー！	嗯嗯，分泌了不少肾上腺素！	key_aligned	new	1007	44	battle_result	vo_char_1007_00_44_hca	True	True
うんうん！いい感じだね！	嗯嗯！感觉不错呢！	key_aligned	new	2001	45	battle_result	vo_char_2001_00_45_hca	False	False
うんっ、スカッとしたね！	嗯，心情舒爽了！	key_aligned	new	1026	43	battle_result	vo_char_1026_00_43_hca	False	False
うんっ、能力も安定してる！	嗯，能力状态稳定！	key_aligned	new	1015	44	battle_result	vo_char_1015_00_44_hca	False	False
うー、わたしも魚釣るの上手くなりたいっ	唔——，我也想变得擅长钓鱼。	key_aligned	new	1026	7	character_profile_or_lobby	vo_char_1026_00_07_hca	False	True
うーん、何がいけなかったのかなぁ	嗯——有什么不行的吗？	key_aligned	new	3032	10	character_profile_or_lobby	vo_char_3032_00_10_hca	False	True
うーん、何とか発掘できないかな…	嗯——，有没有办法进行挖掘呢…	key_aligned	new	3038	9	character_profile_or_lobby	vo_char_3038_00_09_hca	False	True
うーん、書き初めは、何を書こうかな…？	嗯，新春开笔，该写些什么呢……？	key_aligned	new	2100	9	character_profile_or_lobby	vo_char_2100_00_09_hca	False	True
う～ん…リボン、どっちかなぁ～？	嗯~……缎带，戴哪个好呢~？	key_aligned	new	2001	6	character_profile_or_lobby	vo_char_2001_00_06_hca	False	True
う～ん、満腹…ちょっと休憩なのです…	嗯～吃饱了……\n稍微休息会儿吧……	key_aligned	new	2007	12	character_profile_or_lobby	vo_char_2007_00_12_hca	False	True
う～ん、結構よかったよ～！	嗯～很不错！	key_aligned	new	3018	44	battle_result	vo_char_3018_00_44_hca	False	False
えぇ、大好きだし大嫌いよ、みーんなね	嗯，我对大家是爱恨交织的。	key_aligned	new	1017	11	character_profile_or_lobby	vo_char_1017_00_11_hca	False	True
えへへ、嬉しいなぁ	诶嘿嘿，好开心。	key_aligned	new	3032	46	battle_result	vo_char_3032_00_46_hca	False	False
え～？もう終わりなの～？	诶？已经结束了吗？	key_aligned	new	3018	43	battle_result	vo_char_3018_00_43_hca	False	False
おいおい…このままだとやべぇぞ	おいおい…このままだとやべぇぞ	key_aligned	new	3058	10	character_profile_or_lobby	vo_char_3058_00_10_hca	False	True
おごってはだめよ	不能骄傲哦。	key_aligned	new	4022	45	battle_result	vo_char_4022_00_45_hca	False	False
おす、これでおわり	好，这样就结束了。	key_aligned	new	1029	43	battle_result	vo_char_1029_00_43_hca	False	False
おばあさん…家にいる…？	奶奶……在家里吗？	key_aligned	new	3049	10	character_profile_or_lobby	vo_char_3049_00_10_hca	False	True
おばあちゃんは私が助けるの！	我一定要帮到奶奶！	key_aligned	new	1012	11	character_profile_or_lobby	vo_char_1012_00_11_hca	False	True
お困りなら、この調整屋さんにお任せっ♪	要是有困难，就来找调整专家吧♪	key_aligned	new	1117	9	character_profile_or_lobby	vo_char_1117_00_09_hca	False	True
お姉さん…おねえさぁん…ふぅぅ…	姐姐……姐姐……呜呜呜……	key_aligned	new	3035	12	character_profile_or_lobby	vo_char_3035_00_12_hca	False	True
お姉ちゃん、わたしでも倒せたよ！	姐姐，我也能打败敌人了！	key_aligned	new	1015	43	battle_result	vo_char_1015_00_43_hca	False	False
お姉ちゃん、勝ったよ	姐姐赢了哦！	key_aligned	new	1001	45	battle_result	vo_char_1001_00_45_hca	False	False
お帰りなさい。待ってたよ	欢迎回来。我一直在等着哦！	key_aligned	new	1001	9	character_profile_or_lobby	vo_char_1001_00_09_hca	False	True
お役に立ててなによりっす！	能帮到忙就最好不过了！	key_aligned	new	1022	43	battle_result	vo_char_1022_00_43_hca	False	False
お汁粉に、バターとチョコは欠かせないわ♪	年糕小豆汤里，少不了黄油和巧克力哦♪	key_aligned	new	1117	10	character_profile_or_lobby	vo_char_1117_00_10_hca	False	True
お節介って言われようが放っとけないって！	就算说我多管闲事，我也不能放任不管！	key_aligned	new	1010	8	character_profile_or_lobby	vo_char_1010_00_08_hca	False	True
お経ってのは生きてる人のためにあンだぜ	お経ってのは生きてる人のためにあンだぜ	key_aligned	new	3058	9	character_profile_or_lobby	vo_char_3058_00_09_hca	False	True
お菓子を振る舞う人が増えて大変だわ	来吃点心的人变多了，有些遭不住啊。	key_aligned	new	2500	12	character_profile_or_lobby	vo_char_2500_00_12_hca	False	True
か、勝ちました！@…星６解放分のコメント考えてなかった…	赢、赢了！\n但是还没想好用在6星解锁时的台词……	key_aligned	new	1201	46	battle_result	vo_char_1201_00_46_hca	True	True
かましてやったよ！	打败敌人了！	key_aligned	new	2006	46	battle_result	vo_char_2006_00_46_hca	False	False
きちんとレビュー書くのって難しいな…	要写出好的评论真难啊…	key_aligned	new	3024	9	character_profile_or_lobby	vo_char_3024_00_09_hca	False	True
きっとわたしは後悔する運命にあるの	我的命运就是要如此后悔吧。	key_aligned	new	1017	10	character_profile_or_lobby	vo_char_1017_00_10_hca	False	True
きゃっ！な、波がこっちに…	呀！海、海浪打过来了……	key_aligned	new	2300	6	character_profile_or_lobby	vo_char_2300_00_06_hca	False	True
きょ、強敵でした…！	きょ、強敵でした…！	key_aligned	new	1040	43	battle_result	vo_char_1040_00_43_hca	False	False
きれいさっぱりごちそうさまなのです！	多谢款待的说！	key_aligned	new	2007	46	battle_result	vo_char_2007_00_46_hca	False	False
くふふ…！い～いネタを思いついた！	嘿嘿……！我想到了个不错的梗！	key_aligned	new	3003	6	character_profile_or_lobby	vo_char_3003_00_06_hca	False	True
くふふっ、電波望遠鏡を自由に使えるなんて	嗯哼，竟然能自由地使用射电望远镜。	key_aligned	new	1007	11	character_profile_or_lobby	vo_char_1007_00_11_hca	False	True
くみの温かいラブは、@永久に消せないからね♪	郁美温暖的爱，是永远不会消失的哦♪	key_aligned	new	3053	46	battle_result	vo_char_3053_00_46_hca	True	True
くみの魅力でキュンキュンさせちゃうぞっ！	就让郁美用魅力让大家迷上我吧！	key_aligned	new	3053	7	character_profile_or_lobby	vo_char_3053_00_07_hca	False	True
くんくん…この匂いは…チーズなのです！	嗅嗅……这个气味……是奶酪的说！	key_aligned	new	2007	6	character_profile_or_lobby	vo_char_2007_00_06_hca	False	True
けんけんぱ！…からの、逆立ち～！	跳圈圈！然后，倒立！	key_aligned	new	3015	11	character_profile_or_lobby	vo_char_3015_00_11_hca	False	True
こういうときはハイタッチでしょ！	这时候就该来个击掌嘛！	key_aligned	new	1009	46	battle_result	vo_char_1009_00_46_hca	False	False
こうして生きてるだけで、わたしは嬉しいな	能够像这样自由地生活，我就很开心了。	key_aligned	new	1015	9	character_profile_or_lobby	vo_char_1015_00_09_hca	False	True
ここにはね、私が信じる正しさがあるのよ	这里有我相信的正义。	key_aligned	new	2500	8	character_profile_or_lobby	vo_char_2500_00_08_hca	False	True
こっ、このキャラクター、かわいいです！	这、这个角色，好可爱！	key_aligned	new	1027	8	character_profile_or_lobby	vo_char_1027_00_08_hca	False	True
このリボン、特別に結んでもらったんだよ！	这个缎带，是特意为我绑的哦！	key_aligned	new	2100	7	character_profile_or_lobby	vo_char_2100_00_07_hca	False	True
この世界は…暗闇なんかじゃない…	这个世界……并没有那么黑暗……	key_aligned	new	3501	9	character_profile_or_lobby	vo_char_3501_00_09_hca	False	True
この力はキミのために使わせてもらうよ	这份力量就为你所用。	key_aligned	new	4002	8	character_profile_or_lobby	vo_char_4002_00_08_hca	False	True
この力を使うことになるとはな…	この力を使うことになるとはな…	key_aligned	new	3056	45	battle_result	vo_char_3056_00_45_hca	False	False
この勝利が@自分の幻覚でないことを祈ります	但愿这胜利并不是我的幻觉。	key_aligned	new	1006	45	battle_result	vo_char_1006_00_45_hca	True	True
この勝利が、@しきたりを変える第一歩！	这份胜利，就是改变成规的第一步！	key_aligned	new	1026	45	battle_result	vo_char_1026_00_45_hca	True	True
この大鎌に狩れぬものはない	没有这把镰刀无法猎取之物。	key_aligned	new	1012	44	battle_result	vo_char_1012_00_44_hca	False	False
この子…まるで死ぬことを恐れてない…！	她……真的不畏惧死亡吗……！	key_aligned	new	3016	7	character_profile_or_lobby	vo_char_3016_00_07_hca	False	True
この子で、間違いないのね？	她，是不会有错的吧？	key_aligned	new	4022	12	character_profile_or_lobby	vo_char_4022_00_12_hca	False	True
この怒りは、正義か…欲望か…！	この怒りは、正義か…欲望か…！	key_aligned	new	3058	11	character_profile_or_lobby	vo_char_3058_00_11_hca	False	True
この戦い、星５つです！	这场战斗，五星好评！	key_aligned	new	3024	46	battle_result	vo_char_3024_00_46_hca	False	False
この手応え…あっは！	这个感觉……啊哈！	key_aligned	new	3018	46	battle_result	vo_char_3018_00_46_hca	False	False
この手応え…今なら泳げるかも!?	这感觉……说不定现在就能游起来了！？	key_aligned	new	1101	46	battle_result	vo_char_1101_00_46_hca	False	False
この目つきで…どれだけ勘違いされたか…	我的眼神……究竟是被误解到什么程度了……	key_aligned	new	3049	11	character_profile_or_lobby	vo_char_3049_00_11_hca	False	True
この相手には、なんの武器が…？	这个对手要用什么武器来对付……？	key_aligned	new	2003	10	character_profile_or_lobby	vo_char_2003_00_10_hca	False	True
この血は、わたしの体にも流れてるの…？	这份血脉，也在我的身体里流淌着？	key_aligned	new	1026	12	character_profile_or_lobby	vo_char_1026_00_12_hca	False	True
この軍勢の勢いは、@誰にも止められないっす！	这支军队的威势，谁也无法阻挡！	key_aligned	new	1022	44	battle_result	vo_char_1022_00_44_hca	True	True
この闇塁こそが…本当の僕なんだ…！	この闇塁こそが…本当の僕なんだ…！	key_aligned	new	3056	6	character_profile_or_lobby	vo_char_3056_00_06_hca	False	True
この集落の方が本当になにもないよ	这个村落里真的什么都没有。	key_aligned	new	1026	6	character_profile_or_lobby	vo_char_1026_00_06_hca	False	True
こら！やめろ！見下ろすな！	喂！给我停下！不许往下看！	key_aligned	new	3003	7	character_profile_or_lobby	vo_char_3003_00_07_hca	False	True
これ、とーぜんの結果でしょ！	这个结果是当然啦！	key_aligned	new	1005	45	battle_result	vo_char_1005_00_45_hca	False	False
これからもフォローよろしくな！	今后也要拜托你帮忙啦！	key_aligned	new	1010	45	battle_result	vo_char_1010_00_45_hca	False	False
これからも見守っていてください、ですっ！	今后也请见证我的成长，的说！	key_aligned	new	3033	11	character_profile_or_lobby	vo_char_3033_00_11_hca	False	True
これから一緒に頑張ろうね！	之后要一起努力呢！	key_aligned	new	2003	11	character_profile_or_lobby	vo_char_2003_00_11_hca	False	True
これが@クリスマスに奇跡を起こす魔法っ！	这就是带来圣诞奇迹的魔法！	key_aligned	new	3501	43	battle_result	vo_char_3501_00_43_hca	True	True
これが@星４として実装された私の力です！	这就是作为4星登场的我的力量！	key_aligned	new	1201	44	battle_result	vo_char_1201_00_44_hca	True	True
これが強さの証明！	这就是强大的证明！	key_aligned	new	1003	45	battle_result	vo_char_1003_00_45_hca	False	False
これが本当のレナ…えっ、これが？マジ…？	这是真的玲奈…咦，这就是？认真的…？	key_aligned	new	1109	10	character_profile_or_lobby	vo_char_1109_00_10_hca	False	True
これが私が示す道よ	这就是我展示的道路。	key_aligned	new	2500	44	battle_result	vo_char_2500_00_44_hca	False	False
これが過去を払拭する@一歩になれば嬉しい	希望这能成为抹除过去的一小步	key_aligned	new	1027	44	battle_result	vo_char_1027_00_44_hca	True	True
これが魔法のショコラティエの実力@なのです	这就是魔法巧克力甜点师的实力的说。	key_aligned	new	2700	46	battle_result	vo_char_2700_00_46_hca	True	True
これこれ！これぞまさに修行！	就是这个！这也是修行！	key_aligned	new	1003	12	character_profile_or_lobby	vo_char_1003_00_12_hca	False	True
これぞ、あの世から来た魔物の力なのだ	此乃由另一个世界而来的魔物之力。	key_aligned	new	1012	46	battle_result	vo_char_1012_00_46_hca	False	False
これぞハッピーハロウィーン	这就是欢乐万圣节。	key_aligned	new	1012	43	battle_result	vo_char_1012_00_43_hca	False	False
これってホントに、現実なの…？	这真的是现实吗……?	key_aligned	new	2001	9	character_profile_or_lobby	vo_char_2001_00_09_hca	False	True
これで@ゆっくりチーズが食べられるのです！	这样子就能悠闲地吃奶酪了的说！	key_aligned	new	2007	44	battle_result	vo_char_2007_00_44_hca	True	True
これでも、貧乏性なんやで？	这也是，天生穷命之类的？	key_aligned	new	1041	6	character_profile_or_lobby	vo_char_1041_00_06_hca	False	True
これで完結	这样就完结了。	key_aligned	new	1014	43	battle_result	vo_char_1014_00_43_hca	False	False
これで少しだけ、理想に近付けた？	这样，我是不是就稍微接近了一点理想？	key_aligned	new	1029	45	battle_result	vo_char_1029_00_45_hca	False	False
これにて一件落着！です！	这样就结束了！的说！	key_aligned	new	3033	45	battle_result	vo_char_3033_00_45_hca	False	False
これにて終演にございます	演出到此结束。	key_aligned	new	1018	46	battle_result	vo_char_1018_00_46_hca	False	False
これに懲りたら、もうバカな真似はやめな	吃了这样的苦头，就不要再做傻事了。	key_aligned	new	2006	11	character_profile_or_lobby	vo_char_2006_00_11_hca	False	True
これは、夢なんかじゃないわ	这不是做梦吧。	key_aligned	new	4022	6	character_profile_or_lobby	vo_char_4022_00_06_hca	False	True
これも…“奴ら”の計画…!?	これも…“奴ら”の計画…!?	key_aligned	new	3056	7	character_profile_or_lobby	vo_char_3056_00_07_hca	False	True
これも我慢の賜物でございます	这也是忍耐的恩赐吧。	key_aligned	new	1018	44	battle_result	vo_char_1018_00_44_hca	False	False
こんなところで、私は負けない…！	我不会在这个地方失败……！	key_aligned	new	2002	43	battle_result	vo_char_2002_00_43_hca	False	False
こんなに夏を楽しめたのは、初めてだよっ！	像这样享受夏天，还是第一次啊！	key_aligned	new	1118	12	character_profile_or_lobby	vo_char_1118_00_12_hca	False	True
こんなの小学生でも勝てるよ～	这种游戏小学生也能赢哦~	key_aligned	new	1023	43	battle_result	vo_char_1023_00_43_hca	False	False
こんなものかしら	就这样吧。	key_aligned	new	4022	44	battle_result	vo_char_4022_00_44_hca	False	False
こんなティーセットを使ってみたかったのよ	我早就想用用这样的茶具了。	key_aligned	new	2500	11	character_profile_or_lobby	vo_char_2500_00_11_hca	False	True
こんな理由で…我々は虐げられていたのか…	因为这种理由……我们就要忍受欺凌吗……	key_aligned	new	1016	10	character_profile_or_lobby	vo_char_1016_00_10_hca	False	True
ごめんなさい、真剣にからかっただけなのよ	抱歉啦，我是认真地在开玩笑的。	key_aligned	new	1017	8	character_profile_or_lobby	vo_char_1017_00_08_hca	False	True
ごめんね…お姉ちゃん、本当は…	对不起……姐姐我，其实……	key_aligned	new	1001	11	character_profile_or_lobby	vo_char_1001_00_11_hca	False	True
ごめんよ、手加減するのは苦手なんだ	ごめんよ、手加減するのは苦手なんだ	key_aligned	new	3056	44	battle_result	vo_char_3056_00_44_hca	False	False
ご静聴ありがとうございました	感谢聆听。	key_aligned	new	1018	45	battle_result	vo_char_1018_00_45_hca	False	False
さぁ、織莉子。私に早く命令しておくれよ！	织莉子，快点下命令吧！	key_aligned	new	4002	10	character_profile_or_lobby	vo_char_4002_00_10_hca	False	True
さぁ、進みましょう	那么，前进吧。	key_aligned	new	4021	45	battle_result	vo_char_4021_00_45_hca	False	False
さぁご主人、さっさと食いたいものを選べ	那么主人，请赶快选好想吃的东西。	key_aligned	new	1016	7	character_profile_or_lobby	vo_char_1016_00_07_hca	False	True
さあ、今夜も魔女をやっつけないと	那么，今晚也要去消灭魔女才行。	key_aligned	new	2004	11	character_profile_or_lobby	vo_char_2004_00_11_hca	False	True
さっすがわたくしだよねー、@えっへん！	不愧是我，诶嘿！	key_aligned	new	1007	43	battle_result	vo_char_1007_00_43_hca	True	True
さて、お茶にしましょうか	接下来，去喝杯茶吧。	key_aligned	new	2005	45	battle_result	vo_char_2005_00_45_hca	False	False
さーて、何食べよっかなー	好啦，要吃什么呢——	key_aligned	new	2006	45	battle_result	vo_char_2006_00_45_hca	False	False
しかし…ひどい柄の旗ね	不过……旗帜的图案还真是奇怪啊。	key_aligned	new	4022	8	character_profile_or_lobby	vo_char_4022_00_08_hca	False	True
じ、じゃぁッ…レナの下僕になりなさいっ！	那、那就……做玲奈的仆人吧！	key_aligned	new	1009	7	character_profile_or_lobby	vo_char_1009_00_07_hca	False	True
すごい、このキーボードの打ち心地、いいね	好厉害，这个键盘敲起来真舒服呢。	key_aligned	new	1029	11	character_profile_or_lobby	vo_char_1029_00_11_hca	False	True
すごい、外で初めて友だちができちゃった！	太棒啦，在外面第一次交到了朋友！	key_aligned	new	1015	12	character_profile_or_lobby	vo_char_1015_00_12_hca	False	True
すごいでしょ…わたし、魔法が使えるんだよ	很厉害吧……我能使用魔法哦。	key_aligned	new	4011	6	character_profile_or_lobby	vo_char_4011_00_06_hca	False	True
すごろくか…ひとりじゃ遊べないゲームだね	双陆吗…不是一个人能玩的游戏呢	key_aligned	new	1023	11	character_profile_or_lobby	vo_char_1023_00_11_hca	False	True
すっごく大切なこと…忘れてるような…	感觉……我忘记了非常重要的事情……	key_aligned	new	4032	12	character_profile_or_lobby	vo_char_4032_00_12_hca	False	True
すべてを背負って生きていくって決めたの…	我已经决定背负一切活下去了……	key_aligned	new	3026	12	character_profile_or_lobby	vo_char_3026_00_12_hca	False	True
ぜー、はー@…ま、まあ当然の結果でしょ…	呼—，哈—…嘛，这是必然的结果吧…	key_aligned	new	1109	43	battle_result	vo_char_1109_00_43_hca	True	True
ぜーんぶひとりで始末しとくからさ…！	我一个人就能解决干净……！	key_aligned	new	1005	12	character_profile_or_lobby	vo_char_1005_00_12_hca	False	True
そういうところ…好きです	我就是喜欢……这一点啊。	key_aligned	new	3032	12	character_profile_or_lobby	vo_char_3032_00_12_hca	False	True
そうね…こんなものかしら	是啊……就是这么回事吧。	key_aligned	new	3026	45	battle_result	vo_char_3026_00_45_hca	False	False
そして…最高の終わりを	接下来……就是最棒的结局。	key_aligned	new	4024	12	character_profile_or_lobby	vo_char_4024_00_12_hca	False	True
その恨み、ひかるも一緒に背負うっすよ	这份冤恨，由我来一同承担	key_aligned	new	1022	9	character_profile_or_lobby	vo_char_1022_00_09_hca	False	True
それではごきげんよう…@オ・ルヴォワール	那么就该贵安了……	key_aligned	new	4024	44	battle_result	vo_char_4024_00_44_hca	True	True
それで日の本が救われるなら、わたしは…	如果那样就能拯救日出之国的话，我……	key_aligned	new	1026	11	character_profile_or_lobby	vo_char_1026_00_11_hca	False	True
それに…わたくしは別に王女では…	而且……我也并不是王女……	key_aligned	new	4026	10	character_profile_or_lobby	vo_char_4026_00_10_hca	False	True
それは妬けますこと	这便是嫉妒。	key_aligned	new	4024	11	character_profile_or_lobby	vo_char_4024_00_11_hca	False	True
それは楽しみですこと	那真是令人期待。	key_aligned	new	4024	7	character_profile_or_lobby	vo_char_4024_00_07_hca	False	True
それは私の口から説明するのです	就让小渚来亲自说明吧。	key_aligned	new	2007	7	character_profile_or_lobby	vo_char_2007_00_07_hca	False	True
それを人は…絆って言うのかな	那就是……人与人之间的羁绊吗……	key_aligned	new	1001	6	character_profile_or_lobby	vo_char_1001_00_06_hca	False	True
そろそろお茶の時間にしましょうか…！	差不多该到喝茶的时间了……！	key_aligned	new	2005	8	character_profile_or_lobby	vo_char_2005_00_08_hca	False	True
そんなバカを、あたしは放っておけないんだ	我放不下这样的笨蛋。	key_aligned	new	2006	10	character_profile_or_lobby	vo_char_2006_00_10_hca	False	True
そんな簡単に家族を壊さないでよ！	别这么轻易地毁掉家庭啊！	key_aligned	new	3016	10	character_profile_or_lobby	vo_char_3016_00_10_hca	False	True
たくさん歌えました～！	唱了好多歌~	key_aligned	new	3033	44	battle_result	vo_char_3033_00_44_hca	False	False
ただ…いつか気付いて欲しい	只是……希望什么时候能被关注一下。	key_aligned	new	3016	6	character_profile_or_lobby	vo_char_3016_00_06_hca	False	True
ただ、普通の女性にワタシはなりたかった…	我只是，想做一个普通的女孩……	key_aligned	new	1006	7	character_profile_or_lobby	vo_char_1006_00_07_hca	False	True
だから私は…戦い続ける	所以我……会战斗下去。	key_aligned	new	2002	45	battle_result	vo_char_2002_00_45_hca	False	False
だから！怒ってないって言ってんの!!	我都说了！我没在生气!!	key_aligned	new	1009	12	character_profile_or_lobby	vo_char_1009_00_12_hca	False	True
ちがう…これじゃない…これじゃない！	不……不是这样……不是这样！	key_aligned	new	1008	8	character_profile_or_lobby	vo_char_1008_00_08_hca	False	True
ちゃんとスローで確認しましたから！	已经慢镜头确认过了啦！	key_aligned	new	1201	6	character_profile_or_lobby	vo_char_1201_00_06_hca	False	True
ちょっと、アリナも世界を変えてみようカナ	阿莉娜也来试着改造世界好了。	key_aligned	new	1108	12	character_profile_or_lobby	vo_char_1108_00_12_hca	False	True
ちょっとダレ!?おばさんって言ったのは！	等等！？你在喊谁阿姨呢！	key_aligned	new	3053	9	character_profile_or_lobby	vo_char_3053_00_09_hca	False	True
ちょっぴり苦い…思い出の料理です	这是略带苦涩……\n却又充满回忆的料理。	key_aligned	new	1001	12	character_profile_or_lobby	vo_char_1001_00_12_hca	False	True
ちょとつもうしん？…ってどういう意味？	长驱猛进？……什么意思呀？	key_aligned	new	1003	9	character_profile_or_lobby	vo_char_1003_00_09_hca	False	True
どうして母はフラフラしてるのかな	为什么妈妈会那么容易上当呢？	key_aligned	new	1029	8	character_profile_or_lobby	vo_char_1029_00_08_hca	False	True
どうですか!?@お姉さんっぽくできたと思いますか!?	怎么样！？我有没有一点儿姐姐的样子！？	key_aligned	new	3035	45	battle_result	vo_char_3035_00_45_hca	True	True
どうですか？一緒にカフェで読書でも	怎么样？一起去咖啡厅读书也可以。	key_aligned	new	1006	11	character_profile_or_lobby	vo_char_1006_00_11_hca	False	True
どうも～調整屋さんにようこそぉ♪	你好～欢迎来调整专家的店里～	key_aligned	new	1017	6	character_profile_or_lobby	vo_char_1017_00_06_hca	False	True
どうやら勝負ありましたわね	看来胜负已分呢。	key_aligned	new	4026	44	battle_result	vo_char_4026_00_44_hca	False	False
どうやら閉幕のようですわ	看起来是要闭幕了呢。	key_aligned	new	4024	43	battle_result	vo_char_4024_00_43_hca	False	False
どんな理由であれお客様はもてなします	どんな理由であれお客様はもてなします	key_aligned	new	1040	9	character_profile_or_lobby	vo_char_1040_00_09_hca	False	True
どーお？@レナの活躍ちゃんと見てたー!?	怎—样？有好好的看到玲奈的活跃吗—!?	key_aligned	new	1109	45	battle_result	vo_char_1109_00_45_hca	True	True
な、なんとかなりました～…	总算是结束了~	key_aligned	new	2003	45	battle_result	vo_char_2003_00_45_hca	False	False
なかなかのお味でした！	很不错的味道嘛！	key_aligned	new	3024	44	battle_result	vo_char_3024_00_44_hca	False	False
なかなかの見世物でしたわ	真是不错的杂技啊。	key_aligned	new	4024	45	battle_result	vo_char_4024_00_45_hca	False	False
なんかこの衣装…@胸元苦しい…	总觉得这件衣服…胸前好难受…	key_aligned	new	1109	44	battle_result	vo_char_1109_00_44_hca	True	True
なんだか周りの景色がぼんやり見えるんです	总觉得周边的景色都变得模糊了。	key_aligned	new	1004	9	character_profile_or_lobby	vo_char_1004_00_09_hca	False	True
なんでこうなりますのーっ!!	为什么会变成这样——！！	key_aligned	new	4026	12	character_profile_or_lobby	vo_char_4026_00_12_hca	False	True
なんで私に親切にするの？	为什么要对我这么热情？	key_aligned	new	4031	8	character_profile_or_lobby	vo_char_4031_00_08_hca	False	True
なーなー？オレのこと雇ってみない？	喂喂，不雇佣我试试嘛？	key_aligned	new	1005	6	character_profile_or_lobby	vo_char_1005_00_06_hca	False	True
なーんで、こんな逞しく育っちゃったかねぇ	为啥会成长得这么男孩子气呢……	key_aligned	new	1010	10	character_profile_or_lobby	vo_char_1010_00_10_hca	False	True
ね、今から帰りでしょ？一緒に帰ろうよ！	那个，你现在要回去了吧？我们一起走吧！	key_aligned	new	4032	6	character_profile_or_lobby	vo_char_4032_00_06_hca	False	True
はぁ…@やっと海に戻れるよ…	哈……终于可以回到海边了呢……	key_aligned	new	1118	43	battle_result	vo_char_1118_00_43_hca	True	True
はぁ…いつまで続くんでしょうか、この生活	哈……这种生活还会一如既往地持续下去吗？	key_aligned	new	3017	12	character_profile_or_lobby	vo_char_3017_00_12_hca	False	True
はぁ…お騒がせしました…	哈……麻烦事结束了……	key_aligned	new	3017	43	battle_result	vo_char_3017_00_43_hca	False	False
はぁ…なんとかなった…よね？	哈……总算是做到了……吧？	key_aligned	new	1030	43	battle_result	vo_char_1030_00_43_hca	False	False
はぁ…アリナ的に飽きちゃったカモ…	哈……阿莉娜差不多看腻了。	key_aligned	new	1008	44	battle_result	vo_char_1008_00_44_hca	False	False
はぁ…姉ちゃんはやり方が乱暴だな～…	哈…姐姐的做法真是太粗暴了~…	key_aligned	new	1023	7	character_profile_or_lobby	vo_char_1023_00_07_hca	False	True
はぁ…海でプカプカ…まったりでございます	哈……在海里漂着，真惬意啊……	key_aligned	new	1118	9	character_profile_or_lobby	vo_char_1118_00_09_hca	False	True
はぁ～…勝ててラッキー…	哈……运气太好了，赢了……	key_aligned	new	1004	45	battle_result	vo_char_1004_00_45_hca	False	False
はぁ～…無事でなにより～	哈啊……安然无恙了～	key_aligned	new	3015	44	battle_result	vo_char_3015_00_44_hca	False	False
はぁ～、おなかすいた…	哈啊~肚子饿了……	key_aligned	new	4011	43	battle_result	vo_char_4011_00_43_hca	False	False
はぁ～、どうにか終わったね…！	哈~，总算是结束了……！	key_aligned	new	2001	46	battle_result	vo_char_2001_00_46_hca	False	False
はぁ～、勝てました	哈啊～胜利了。	key_aligned	new	3032	44	battle_result	vo_char_3032_00_44_hca	False	False
はぁ～美味しかった！さ、次のお店行こう！	哈啊~真美味啊！好了，去下一家店吧！	key_aligned	new	3024	7	character_profile_or_lobby	vo_char_3024_00_07_hca	False	True
はいこれ！食べられる木の実だよ！	给你！这果子能吃哦！	key_aligned	new	3015	9	character_profile_or_lobby	vo_char_3015_00_09_hca	False	True
はいっ！これはっ…！@嬉しいドキドキですっ…！	对！这是……！喜悦的激动……！	key_aligned	new	3025	46	battle_result	vo_char_3025_00_46_hca	True	True
はぐむの膝枕が好き	好喜欢育梦的膝枕……	key_aligned	new	1029	7	character_profile_or_lobby	vo_char_1029_00_07_hca	False	True
はじめまして、“乙女”	初次见面，\n“圣女（La Pucelle）”。	key_aligned	new	4026	6	character_profile_or_lobby	vo_char_4026_00_06_hca	False	True
はやく一人前にならないといけないよねっ！	要快快长成独当一面的人才行！	key_aligned	new	1015	10	character_profile_or_lobby	vo_char_1015_00_10_hca	False	True
は！それじゃー勝てないって！	哈！那就给我认输吧！	key_aligned	new	1005	44	battle_result	vo_char_1005_00_44_hca	False	False
ひかるはホントに空っぽだね～…	小光真的是一具空壳呢…	key_aligned	new	1023	9	character_profile_or_lobby	vo_char_1023_00_09_hca	False	True
ひとりでいるのが好きなわけじゃないんです	并不是喜欢一个人待着。	key_aligned	new	1004	10	character_profile_or_lobby	vo_char_1004_00_10_hca	False	True
ひと泳ぎした後のラムネはうまいな	游完泳后的汽水是真好喝！	key_aligned	new	2600	9	character_profile_or_lobby	vo_char_2600_00_09_hca	False	True
ふぅ…@ちょっと、ハードモードだったかも…	呼…可能稍微有点，Hard Mode…	key_aligned	new	1023	44	battle_result	vo_char_1023_00_44_hca	True	True
ふぅ…@みんなの役に立てたなら嬉しいな	呼……如果有帮上大家的忙就好了啊。	key_aligned	new	4032	44	battle_result	vo_char_4032_00_44_hca	True	True
ふぅ…エキサイトしちゃった	呼，开始兴奋了。	key_aligned	new	1008	43	battle_result	vo_char_1008_00_43_hca	False	False
ふぅ…勝ちました	呼……胜利了。	key_aligned	new	4021	43	battle_result	vo_char_4021_00_43_hca	False	False
ふぅ…惜しかったわね	呼……真可惜。	key_aligned	new	2005	44	battle_result	vo_char_2005_00_44_hca	False	False
ふぅ…生き残れてよかった…	呼……能存活下来真是太好了……	key_aligned	new	1030	44	battle_result	vo_char_1030_00_44_hca	False	False
ふぅ！@冷たいラムネでも飲みたい気分だね	呼！真想喝一瓶冰汽水呢。	key_aligned	new	2600	46	battle_result	vo_char_2600_00_46_hca	True	True
ふぇえええん、怖かったよぉ～	呜诶诶诶诶，好可怕啊～	key_aligned	new	3053	43	battle_result	vo_char_3053_00_43_hca	False	False
ふぎゃああっ！おばけさんなのですぅ～っ！	咿啊啊啊！有妖怪！	key_aligned	new	3033	8	character_profile_or_lobby	vo_char_3033_00_08_hca	False	True
ふふ…魚って…すごいよね…ふふ…	呵呵……鱼好厉害啊……呵呵……	key_aligned	new	1101	10	character_profile_or_lobby	vo_char_1101_00_10_hca	False	True
ふふっ、このライブDVD、ほんと好き	嗯哼，这场演唱会的DVD，我好喜欢。	key_aligned	new	1009	9	character_profile_or_lobby	vo_char_1009_00_09_hca	False	True
ふふんっ、ミッションクリアーだね～	哼哼，任务完成呢~	key_aligned	new	1023	46	battle_result	vo_char_1023_00_46_hca	False	False
ふみゃぁぁ～…！…はっ、反省のポーズっ！	呜喵……！\n是、是反省的姿势！	key_aligned	new	3033	6	character_profile_or_lobby	vo_char_3033_00_06_hca	False	True
ふわぁ…また徹ゲーしちゃったよ～	哈…又通宵打游戏了~	key_aligned	new	1023	10	character_profile_or_lobby	vo_char_1023_00_10_hca	False	True
へ？うそ？勝てました？	诶？真的吗？赢了吗？	key_aligned	new	1004	44	battle_result	vo_char_1004_00_44_hca	False	False
ぺろりと片づけちゃった	一下子全收拾掉	key_aligned	new	3024	45	battle_result	vo_char_3024_00_45_hca	False	False
ほら、アリナが温めてアゲル	来吧，让阿莉娜带给你温暖。	key_aligned	new	1108	6	character_profile_or_lobby	vo_char_1108_00_06_hca	False	True
ほーれほれほれ！よーしよしよし！	快看快看快看！行了行了行了！	key_aligned	new	3018	6	character_profile_or_lobby	vo_char_3018_00_06_hca	False	True
ぼく、ここでも弱い…	我是、这么地弱小……	key_aligned	new	1029	6	character_profile_or_lobby	vo_char_1029_00_06_hca	False	True
ま、いーじゃん！どうにかなるって!	行啦！总会有办法的！	key_aligned	new	3006	7	character_profile_or_lobby	vo_char_3006_00_07_hca	False	True
ま、当然の結果じゃない？	嘛，理所应当不是？	key_aligned	new	1009	43	battle_result	vo_char_1009_00_43_hca	False	False
まあ、とりあえず楽しければいいの！	嘛，只要开心就够了！	key_aligned	new	3018	7	character_profile_or_lobby	vo_char_3018_00_07_hca	False	True
まさかこの姿を見せる時がくるとは…	まさかこの姿を見せる時がくるとは…	key_aligned	new	3056	8	character_profile_or_lobby	vo_char_3056_00_08_hca	False	True
まさか探偵ごっこをする羽目になるとはね！	没想到要在这里玩侦探游戏了！	key_aligned	new	2004	6	character_profile_or_lobby	vo_char_2004_00_06_hca	False	True
まずまずと言ったところか	该说越发进步了吗？	key_aligned	new	1016	43	battle_result	vo_char_1016_00_43_hca	False	False
また…ひとりに逆戻りか…	又变回……一个人了……	key_aligned	new	1009	8	character_profile_or_lobby	vo_char_1009_00_08_hca	False	True
また…死ぬのに失敗してしまいました	又没有死成……	key_aligned	new	3025	9	character_profile_or_lobby	vo_char_3025_00_09_hca	False	True
また、ねむの頑固が始まったよー	音梦又开始顽固起来了——	key_aligned	new	1007	9	character_profile_or_lobby	vo_char_1007_00_09_hca	False	True
またあいつと外出できるなんて、夢みたい…	还能和那家伙一起出门，真像做梦一样……	key_aligned	new	2004	7	character_profile_or_lobby	vo_char_2004_00_07_hca	False	True
また明日香ちゃんにお稽古お願いしようかな	训练的话，我再去拜托明日香吧。	key_aligned	new	3032	11	character_profile_or_lobby	vo_char_3032_00_11_hca	False	True
また灯花が荒ぶってるみたいだね…	好像灯花又在胡闹了……	key_aligned	new	1014	10	character_profile_or_lobby	vo_char_1014_00_10_hca	False	True
まだ…心臓がドキドキしてます…@はい…	心脏……还是跳得很快……嗯……	key_aligned	new	3025	44	battle_result	vo_char_3025_00_44_hca	True	True
まだまだこっからだし！	只是热身而已！	key_aligned	new	3006	44	battle_result	vo_char_3006_00_44_hca	False	False
まどか先輩…私を成長させるために？	小圆前辈……是为了让我成长？	key_aligned	new	1201	10	character_profile_or_lobby	vo_char_1201_00_10_hca	False	True
まどか先輩！見ててくれましたか？	小圆前辈！有在看吗？	key_aligned	new	1201	43	battle_result	vo_char_1201_00_43_hca	False	False
まなか、なんか美味しいもの作って～	爱香，去做点好吃的东西吧~	key_aligned	new	3024	10	character_profile_or_lobby	vo_char_3024_00_10_hca	False	True
まるで迷宮みたいな町…心が迷ってしまう…	迷宫一样的城市……连内心也迷失了……	key_aligned	new	2005	6	character_profile_or_lobby	vo_char_2005_00_06_hca	False	True
まーこんなもんでしょ！	嘛——理所当然的吧！	key_aligned	new	3020	44	battle_result	vo_char_3020_00_44_hca	False	False
まーた、三女さんは徹ゲーっすか！	三女，又通宵打游戏了吗！	key_aligned	new	1022	12	character_profile_or_lobby	vo_char_1022_00_12_hca	False	True
みかん買って帰ろうっと	买点蜜柑带回去吧。	key_aligned	new	1117	43	battle_result	vo_char_1117_00_43_hca	False	False
みなさんが無事で良かったです	还好大家都没事。	key_aligned	new	1006	43	battle_result	vo_char_1006_00_43_hca	False	False
みんな、この後うちに来る？	大家，来我家坐坐吧？	key_aligned	new	2005	46	battle_result	vo_char_2005_00_46_hca	False	False
みんな、怪我はない？	大家没受伤吧？	key_aligned	new	3016	43	battle_result	vo_char_3016_00_43_hca	False	False
みんなからクールな子って思われてる…	みんなからクールな子って思われてる…	key_aligned	new	3056	10	character_profile_or_lobby	vo_char_3056_00_10_hca	False	True
みんながいるんだから！当然だろ！	众人拾柴火焰高！当然咯！	key_aligned	new	1010	46	battle_result	vo_char_1010_00_46_hca	False	False
みんなで、お祝いしないとね！	大家一起庆祝吧！	key_aligned	new	2100	46	battle_result	vo_char_2100_00_46_hca	False	False
みんなで外食なんて…いつぶりだろう？	大家一起聚餐……有多久没这样了呢？	key_aligned	new	1001	7	character_profile_or_lobby	vo_char_1001_00_07_hca	False	True
みんなと戦える今に…感謝…	能和大家共同战斗的现在……我很感恩……	key_aligned	new	3049	46	battle_result	vo_char_3049_00_46_hca	False	False
みんなのおかげで新しい生き方を見つけたの	在大家的帮助下，我找到了新的生活方式。	key_aligned	new	1012	10	character_profile_or_lobby	vo_char_1012_00_10_hca	False	True
みんなの初夢はどんな夢だった？	大家新年第一个梦，是什么样的呢……？	key_aligned	new	2100	6	character_profile_or_lobby	vo_char_2100_00_06_hca	False	True
みんなの晴れ着姿も、素敵だね…！	穿着盛装的大家，都好漂亮啊……！	key_aligned	new	2100	12	character_profile_or_lobby	vo_char_2100_00_12_hca	False	True
みんなみんな…優しくなれたらいいのに	大家……为什么不能友好一点呢？	key_aligned	new	3025	7	character_profile_or_lobby	vo_char_3025_00_07_hca	False	True
みんなホームシックにならないか、心配です	我很担心大家会不会想家	key_aligned	new	1027	10	character_profile_or_lobby	vo_char_1027_00_10_hca	False	True
みんな仲良く出来たらいいのにね…	明明要是能和大家友好相处就好了啊……	key_aligned	new	4032	43	battle_result	vo_char_4032_00_43_hca	False	False
みーんな私の可愛い教え子やからなぁ	大家都是我可爱的弟子啊	key_aligned	new	1041	8	character_profile_or_lobby	vo_char_1041_00_08_hca	False	True
むしろわたしは被害者なんですけどね？	倒不如说我才是受害者吧？	key_aligned	new	3017	10	character_profile_or_lobby	vo_char_3017_00_10_hca	False	True
もう、これ以上ケンカしないでよー！	不要再吵架了啊！	key_aligned	new	1015	7	character_profile_or_lobby	vo_char_1015_00_07_hca	False	True
もういいでしょ？私は先へ進むわ	已经够了吧？我要前进了。	key_aligned	new	2002	46	battle_result	vo_char_2002_00_46_hca	False	False
もうこんなのクセになっちゃうヨネ	这种事真是令人上瘾呢。	key_aligned	new	1008	45	battle_result	vo_char_1008_00_45_hca	False	False
もうちょっと…一緒にいたいなぁ…	我好想……能再和他待一会儿……	key_aligned	new	3032	7	character_profile_or_lobby	vo_char_3032_00_07_hca	False	True
もう一度チーズが食べたかっただけなのです	我只是想再吃一次奶酪而已的说。	key_aligned	new	2007	8	character_profile_or_lobby	vo_char_2007_00_08_hca	False	True
もう少し胸を張っていられそうですね	也许我能更加自信了吧。	key_aligned	new	1006	46	battle_result	vo_char_1006_00_46_hca	False	False
もう緊張しちゃって@ドキドキしちゃう…	已经紧张得心脏怦怦直跳了……	key_aligned	new	1017	44	battle_result	vo_char_1017_00_44_hca	True	True
もう退けないところまできたよ	我已经走到了再也无法后退的地方哦。	key_aligned	new	1029	46	battle_result	vo_char_1029_00_46_hca	False	False
もっともっと強くなりそー！	感觉能变得更强了！	key_aligned	new	1003	43	battle_result	vo_char_1003_00_43_hca	False	False
もっと訓練してもっと強くなりたいのに！	本想着增加训练就能变强的！	key_aligned	new	1003	6	character_profile_or_lobby	vo_char_1003_00_06_hca	False	True
ももこのヤツ…何してんのよ…！	桃子这家伙……到底在干嘛啊！	key_aligned	new	1009	6	character_profile_or_lobby	vo_char_1009_00_06_hca	False	True
やぁねぇ、わたしはまだお年玉をもらう側よ	唉呀，我还是收压岁钱的那一边啦。	key_aligned	new	1117	12	character_profile_or_lobby	vo_char_1117_00_12_hca	False	True
やだ、あっち行け	别这样，快去那边。	key_aligned	new	1029	10	character_profile_or_lobby	vo_char_1029_00_10_hca	False	True
やった♪かるたの札が揃ったわ！	太好啦♪骨牌凑齐啦！	key_aligned	new	1117	44	battle_result	vo_char_1117_00_44_hca	False	False
やったぁ～！すごいね！	太棒了~！好厉害！	key_aligned	new	2001	44	battle_result	vo_char_2001_00_44_hca	False	False
やったでございます！	做到了！	key_aligned	new	1018	43	battle_result	vo_char_1018_00_43_hca	False	False
やった？やった…！	赢了？太好了……！	key_aligned	new	2003	43	battle_result	vo_char_2003_00_43_hca	False	False
やっちゃおやっちゃお！面白いじゃん！	我来我来！看起来很有趣嘛！	key_aligned	new	3006	11	character_profile_or_lobby	vo_char_3006_00_11_hca	False	True
やっちゃんの手紙は全て覚えていますよ	小八写给我的信，我全都记得哦。	key_aligned	new	1006	10	character_profile_or_lobby	vo_char_1006_00_10_hca	False	True
やっぱりお正月は、羽根突きだよね！	过年就是要打毽球啦！	key_aligned	new	2100	8	character_profile_or_lobby	vo_char_2100_00_08_hca	False	True
やっぱり電波を飛ばすのがいいのかにゃー	还是把电波发射出去比较好喵——	key_aligned	new	1007	6	character_profile_or_lobby	vo_char_1007_00_06_hca	False	True
やっぱチームワークだろ！	果然还是要团队行动啊！	key_aligned	new	1010	44	battle_result	vo_char_1010_00_44_hca	False	False
ようやくお会いすることができました	我终于见到你了。	key_aligned	new	4021	7	character_profile_or_lobby	vo_char_4021_00_07_hca	False	True
よかった…助かった～…	太好了……得救了……	key_aligned	new	1004	43	battle_result	vo_char_1004_00_43_hca	False	False
よかった…勝てたみたいだね！	太好了……像是赢了呢！	key_aligned	new	2001	43	battle_result	vo_char_2001_00_43_hca	False	False
よく分からないけど…変わった町だね…	虽然说不清楚，但这座城市真的很不一般……	key_aligned	new	2001	7	character_profile_or_lobby	vo_char_2001_00_07_hca	False	True
よし！じゃあ、何か食べに行こうか！	好的！接下来，去吃点什么吧！	key_aligned	new	4011	44	battle_result	vo_char_4011_00_44_hca	False	False
よっしゃー！9割引き商品いただき！	太棒了！一折商品我拿下了！	key_aligned	new	3020	10	character_profile_or_lobby	vo_char_3020_00_10_hca	False	True
れんちゃん…ごめん…あたし…	怜……对不起……我……	key_aligned	new	3501	8	character_profile_or_lobby	vo_char_3501_00_08_hca	False	True
わ、わたしたち、神浜市へ行くの？	我、我们要去神滨吗？	key_aligned	new	4011	10	character_profile_or_lobby	vo_char_4011_00_10_hca	False	True
わ、私と浮き輪はセットなんです！	我、我和泳圈是一套的！	key_aligned	new	1101	6	character_profile_or_lobby	vo_char_1101_00_06_hca	False	True
わ、笑わないでってばぁ…もうっ…	别、别笑啦……真是的……	key_aligned	new	1030	10	character_profile_or_lobby	vo_char_1030_00_10_hca	False	True
わたくしとしたことがあのような醜態をっ!!	我怎么能露出那样的丑态！！	key_aligned	new	4026	7	character_profile_or_lobby	vo_char_4026_00_07_hca	False	True
わたくしは…あなたが羨ましい	我…很羡慕你	key_aligned	new	4026	11	character_profile_or_lobby	vo_char_4026_00_11_hca	False	True
わたし…戦える！	我……可以战斗！	key_aligned	new	4011	46	battle_result	vo_char_4011_00_46_hca	False	False
わたしだって、@ちょっとは成長してますから！	我也是会成长的哦！	key_aligned	new	3035	43	battle_result	vo_char_3035_00_43_hca	True	True
わたしにも時女の血が@流れてるんだから！	因为我的体内也流淌着时女的血！	key_aligned	new	1026	46	battle_result	vo_char_1026_00_46_hca	True	True
わたしの夢はね、学校で合唱曲を歌うことっ	我的梦想，是在学校参加合唱。	key_aligned	new	1015	8	character_profile_or_lobby	vo_char_1015_00_08_hca	False	True
わたしは、どんな大人になるのかな…？	长大后，我会变成什么样的人呢……？	key_aligned	new	1015	11	character_profile_or_lobby	vo_char_1015_00_11_hca	False	True
わたしは魔法少女…だからやらなきゃ…！	我是魔法少女……所以必须要这么做……！	key_aligned	new	2001	8	character_profile_or_lobby	vo_char_2001_00_08_hca	False	True
んじゃあ、あそこの角まで競争しよっ！	那么就比谁先到那边的拐角吧！	key_aligned	new	3015	12	character_profile_or_lobby	vo_char_3015_00_12_hca	False	True
んんん～…チェダーーー！！	嗯嗯嗯……切达奶酪！	key_aligned	new	2007	9	character_profile_or_lobby	vo_char_2007_00_09_hca	False	True
ん？…わたし、勝ったみたい？	嗯？我好像赢了？	key_aligned	new	3015	43	battle_result	vo_char_3015_00_43_hca	False	False
ん？あれ？勝ちました…？	嗯？诶？我赢了吗？	key_aligned	new	3032	43	battle_result	vo_char_3032_00_43_hca	False	False
ん～ワタシ、お饅頭が食べたいなー	嗯~我好想吃馒头啊。	key_aligned	new	1006	9	character_profile_or_lobby	vo_char_1006_00_09_hca	False	True
アイスを切らすと長女さんを冷やせないっす	不把冰糕给用完的话可没法让长女冷静下来	key_aligned	new	1022	10	character_profile_or_lobby	vo_char_1022_00_10_hca	False	True
アイドル坂…頂点は、はてなく遠い…！	偶像之坡道…的顶点，不可触及的遥远…！	key_aligned	new	1109	7	character_profile_or_lobby	vo_char_1109_00_07_hca	False	True
アタシ…なんで魔法少女になったんだっけ…	我……是为了什么而成为魔法少女的来着……	key_aligned	new	1010	7	character_profile_or_lobby	vo_char_1010_00_07_hca	False	True
アタシがこういうの好きとか…変だろ…！	我喜欢这种东西……是不是很奇怪……！	key_aligned	new	1010	9	character_profile_or_lobby	vo_char_1010_00_09_hca	False	True
アタシの愛読書？もちろん、預金通帳だよ！	我很爱读书？当然了，因为这是存折啦！	key_aligned	new	3020	6	character_profile_or_lobby	vo_char_3020_00_06_hca	False	True
アタシはケチじゃないの！節約家なの！	我才不是小气！是节约啦！	key_aligned	new	3020	7	character_profile_or_lobby	vo_char_3020_00_07_hca	False	True
アタシ特製のドリンクは元気になる！	喝了我特制的饮料就能变精神了！	key_aligned	new	3020	9	character_profile_or_lobby	vo_char_3020_00_09_hca	False	True
アッハハ！アリナはアリナの美を見つけた！	啊哈哈！阿莉娜找到了阿莉娜的美！	key_aligned	new	1108	7	character_profile_or_lobby	vo_char_1108_00_07_hca	False	True
アニメ、マンガ、ゲーム、勉強しないとな	动漫、漫画、游戏，得学习才行啊。	key_aligned	new	1016	8	character_profile_or_lobby	vo_char_1016_00_08_hca	False	True
アリナの作品になる価値も@ないんですケド	连变成阿莉娜的作品的价值都没有。	key_aligned	new	1008	46	battle_result	vo_char_1008_00_46_hca	True	True
アリナはアリナのスランプを認めないカラ！	阿莉娜不会承认自己陷入低谷的！	key_aligned	new	1008	11	character_profile_or_lobby	vo_char_1008_00_11_hca	False	True
アリナは見たい、ベストアートを…！	阿莉娜想看到最棒的作品……！	key_aligned	new	1008	6	character_profile_or_lobby	vo_char_1008_00_06_hca	False	True
アリナも人間だカラ、この美を追い求めた…	阿莉娜也是人，所以追求着这份美……	key_aligned	new	1108	11	character_profile_or_lobby	vo_char_1108_00_11_hca	False	True
アリナ先輩、絵の描き方を教えて欲しいの！	阿莉娜学姐，可以教我画画吗！	key_aligned	new	1012	7	character_profile_or_lobby	vo_char_1012_00_07_hca	False	True
アンタ、なかなかやるじゃん	你做得还不错嘛。	key_aligned	new	1009	44	battle_result	vo_char_1009_00_44_hca	False	False
アンタのおかげでしょ。ありがと	多亏有你。谢谢。	key_aligned	new	1009	45	battle_result	vo_char_1009_00_45_hca	False	False
アンタは色々、溜め込むのが早そうだからさ	你的负面感情积累得太快了。	key_aligned	new	2006	6	character_profile_or_lobby	vo_char_2006_00_06_hca	False	True
ウチは、本当に今のままでいいのかな…	我真的可以这样吗……	key_aligned	new	1118	8	character_profile_or_lobby	vo_char_1118_00_08_hca	False	True
ウツボカズラ…うう、ウツボカズラが…！	猪笼草…呜呜，猪笼草啊…！	key_aligned	new	1109	12	character_profile_or_lobby	vo_char_1109_00_12_hca	False	True
ウホッ、ホーウ…何させるんですか！	呜吼……吼哇……这是让我干嘛啦！	key_aligned	new	1201	7	character_profile_or_lobby	vo_char_1201_00_07_hca	False	True
エキサイティングなショーの幕開けだ！	激动人心的表演开始啦！	key_aligned	new	3003	12	character_profile_or_lobby	vo_char_3003_00_12_hca	False	True
エリザでいいですわ、タルト	叫我爱丽莎就好了，塔鲁特。	key_aligned	new	4026	8	character_profile_or_lobby	vo_char_4026_00_08_hca	False	True
オレの戦い方？相手がバーンと来たらゴンよ！	我的战斗方式？\n对手要是敢冒头就咚地砸下去！	key_aligned	new	1005	9	character_profile_or_lobby	vo_char_1005_00_09_hca	False	True
カッコよくなっちゃえばいいんだよ！	只要变得帅气就够了呀！	key_aligned	new	2001	12	character_profile_or_lobby	vo_char_2001_00_12_hca	False	True
カーテンコールで終いやな	在欢声中谢幕吧	key_aligned	new	1041	44	battle_result	vo_char_1041_00_44_hca	False	False
ガラスの靴…私にもあったらいいのに…	玻璃鞋……如果我也有一双就好了啊……	key_aligned	new	1030	6	character_profile_or_lobby	vo_char_1030_00_06_hca	False	True
ガンガン行くしかないか！ノリで！	只好凭着这股劲头！冲呀！	key_aligned	new	3006	10	character_profile_or_lobby	vo_char_3006_00_10_hca	False	True
キミのためなら何にだってなってみせるよ！	为了你，我什么都可以做！	key_aligned	new	4002	11	character_profile_or_lobby	vo_char_4002_00_11_hca	False	True
キュゥちゃんって呼ぶの変かなぁ？	把丘比叫作小丘，会不会有点奇怪呢？	key_aligned	new	4032	9	character_profile_or_lobby	vo_char_4032_00_09_hca	False	True
キューブ…あなた天使だったの？	丘卜……你就是天使吗？	key_aligned	new	4022	7	character_profile_or_lobby	vo_char_4022_00_07_hca	False	True
キリサキさんの噂かぁ…ちょっと怖いね	开膛手的传闻吗……稍微有点可怕呢。	key_aligned	new	4032	8	character_profile_or_lobby	vo_char_4032_00_08_hca	False	True
クラスのみんなには、内緒だよっ！	要对班级里的大家保密哦！	key_aligned	new	2001	11	character_profile_or_lobby	vo_char_2001_00_11_hca	False	True
クリスマスの雰囲気って、あたし好き！	圣诞节的气氛，我很喜欢！	key_aligned	new	3501	6	character_profile_or_lobby	vo_char_3501_00_06_hca	False	True
ケアトレーラーも立派になったもんやわ	调整用房车也变得有模有样了啊	key_aligned	new	1041	7	character_profile_or_lobby	vo_char_1041_00_07_hca	False	True
ケンカで…場数だけは踏んでるから…	因为打架……已经打出经验了……	key_aligned	new	3049	43	battle_result	vo_char_3049_00_43_hca	False	False
ケンカ売ってきたのは、そっちでしょ⁉	挑起争端的明明是另一方吧!?	key_aligned	new	1009	10	character_profile_or_lobby	vo_char_1009_00_10_hca	False	True
ゲームオーバー！@早くお家に帰りなよ～？	Game Over！快点回家去吧~？	key_aligned	new	1023	45	battle_result	vo_char_1023_00_45_hca	True	True
コツコツやっていかないとね！	只能踏踏实实地去练了呢！	key_aligned	new	1101	45	battle_result	vo_char_1101_00_45_hca	False	False
シット…生きてるなんて…	烂透了……居然还活着……	key_aligned	new	1008	10	character_profile_or_lobby	vo_char_1008_00_10_hca	False	True
スカーフはショコラティエの魂なのです	领巾是巧克力甜点师的灵魂的说。	key_aligned	new	2700	11	character_profile_or_lobby	vo_char_2700_00_11_hca	False	True
スッキリさっぱりだなっ！	干脆利落！	key_aligned	new	1010	43	battle_result	vo_char_1010_00_43_hca	False	False
タルトは本当に、欲がない子よね	塔鲁特真是个无欲无求的人。	key_aligned	new	4022	9	character_profile_or_lobby	vo_char_4022_00_09_hca	False	True
ダス・エンデ…おしまい	Das Ende……结束。	key_aligned	new	4026	45	battle_result	vo_char_4026_00_45_hca	False	False
ツキがなかったですね？	运气用完了吧？	key_aligned	new	3017	44	battle_result	vo_char_3017_00_44_hca	False	False
トリックオアじゃなくてトリックアンドなの	不是Trick or而是and的说	key_aligned	new	1012	12	character_profile_or_lobby	vo_char_1012_00_12_hca	False	True
ドキドキしたいんだよねー、あーしは！	我想要心动的感觉——！	key_aligned	new	3006	12	character_profile_or_lobby	vo_char_3006_00_12_hca	False	True
ハァ、@想像しただけでゾックゾクするぅ…	哈，光想想就兴奋了……	key_aligned	new	1108	44	battle_result	vo_char_1108_00_44_hca	True	True
ハロウィンはわたしを生んだ特別な日なの	万圣节，是我诞生的特别的日子。	key_aligned	new	1012	9	character_profile_or_lobby	vo_char_1012_00_09_hca	False	True
バ、バナナボートとは…何でございますか？	香、香蕉船……那是什么？	key_aligned	new	1118	7	character_profile_or_lobby	vo_char_1118_00_07_hca	False	True
バナナボートは@重たいのでございます…	香蕉船是真的好重……	key_aligned	new	1118	44	battle_result	vo_char_1118_00_44_hca	True	True
バランス良いだろっ？アタシらのチーム！	我们的团队能力很均衡，对吧？	key_aligned	new	1010	11	character_profile_or_lobby	vo_char_1010_00_11_hca	False	True
バーロー！それでも日の本の人間か？	バーロー！それでも日の本の人間か？	key_aligned	new	3058	12	character_profile_or_lobby	vo_char_3058_00_12_hca	False	True
ビート板があれば、私でも無敵です！	只要有浮板，我也能无敌了！	key_aligned	new	1101	12	character_profile_or_lobby	vo_char_1101_00_12_hca	False	True
フールガールのスチューピッドコミックが…	笨女孩的蠢漫画……	key_aligned	new	1108	10	character_profile_or_lobby	vo_char_1108_00_10_hca	False	True
フールガールの好きな漫画もフールだヨネ…	Fool girl喜欢的漫画也笨笨的……\n但还不坏……	key_aligned	new	1008	7	character_profile_or_lobby	vo_char_1008_00_07_hca	False	True
プレゼントはもう決めてんだよねー	礼物已经选好了吧——	key_aligned	new	3501	7	character_profile_or_lobby	vo_char_3501_00_07_hca	False	True
ベストアートのために、@いつか全てを包み込むカラ	为了做出最棒的作品，总有一天要把一切都包\n进去。	key_aligned	new	1108	45	battle_result	vo_char_1108_00_45_hca	True	True
ベタ甘なドラマでもいいじゃないですか～	甜掉牙的肥皂剧也不错嘛~	key_aligned	new	1006	12	character_profile_or_lobby	vo_char_1006_00_12_hca	False	True
ホッとしたら力抜けちゃった	放心下来就有种脱力感了。	key_aligned	new	3016	45	battle_result	vo_char_3016_00_45_hca	False	False
マギアストーン…でも、お高いんでしょう？	魔法石……但是，很贵吧？	key_aligned	new	1201	8	character_profile_or_lobby	vo_char_1201_00_08_hca	False	True
マジかっ、もうこんな時間…!?	真假，都这个时间了!?	key_aligned	new	3501	12	character_profile_or_lobby	vo_char_3501_00_12_hca	False	True
マジカルきりんは、思い出の漫画なの	魔法希凛，是满载回忆的漫画。	key_aligned	new	1012	6	character_profile_or_lobby	vo_char_1012_00_06_hca	False	True
マツリは…どうしたらいいの？	我要……怎么做才好呢？	key_aligned	new	4032	11	character_profile_or_lobby	vo_char_4032_00_11_hca	False	True
ヤッバ！これってマジ魔法じゃね？	天啊！这不是真正的魔法嘛？	key_aligned	new	3006	6	character_profile_or_lobby	vo_char_3006_00_06_hca	False	True
ユニオン…灯花様もねむ様もいるけど…	联盟……虽然灯花和音梦大人都在那，但……	key_aligned	new	1030	12	character_profile_or_lobby	vo_char_1030_00_12_hca	False	True
ヨウ化カリウム…これこそがマジックの種だ	碘化钾……这才是魔法的种子。	key_aligned	new	3003	8	character_profile_or_lobby	vo_char_3003_00_08_hca	False	True
ラストアートワークはきっと一瞬になるヨネ	最终的艺术品只在转瞬之间。	key_aligned	new	1108	8	character_profile_or_lobby	vo_char_1108_00_08_hca	False	True
リア充が何だ！エタノールで爆発しやがれ！	现充算什么！我要用乙醇炸飞他们！	key_aligned	new	3003	9	character_profile_or_lobby	vo_char_3003_00_09_hca	False	True
リボンをかけて@できあがりなのです♪	系上丝带，出炉了的说♪	key_aligned	new	2700	44	battle_result	vo_char_2700_00_44_hca	True	True
レアなＣＤ、神浜でも見つかるかな…？	稀有的CD，能在神滨找到吗……？	key_aligned	new	2004	8	character_profile_or_lobby	vo_char_2004_00_08_hca	False	True
レナ、田んぼの様子見にいってくる！	玲奈，去看下稻田里的样子！	key_aligned	new	1109	11	character_profile_or_lobby	vo_char_1109_00_11_hca	False	True
レナだって…水波レナなんて、大っ嫌い…	玲奈……水波玲奈，真是太讨厌了……	key_aligned	new	1009	11	character_profile_or_lobby	vo_char_1009_00_11_hca	False	True
ワタシの心も、やっちゃんの心も救います	我要拯救自己，还有小八的心。	key_aligned	new	1006	8	character_profile_or_lobby	vo_char_1006_00_08_hca	False	True
ワタシの罪はワタシが背負います	我所背负的罪，我会一直背负下去。	key_aligned	new	1006	6	character_profile_or_lobby	vo_char_1006_00_06_hca	False	True
一仕事終わったわ	工作完成了呢。	key_aligned	new	2005	43	battle_result	vo_char_2005_00_43_hca	False	False
一件落着、って感じかな	算是告一段落了。	key_aligned	new	2004	43	battle_result	vo_char_2004_00_43_hca	False	False
一体、何が起きてるの…ここで…神浜市で…	到底发生了什么……这里……神滨市……	key_aligned	new	2005	11	character_profile_or_lobby	vo_char_2005_00_11_hca	False	True
一体ここは、どこなんでしょうか…？	这里到底是什么地方……？	key_aligned	new	2003	8	character_profile_or_lobby	vo_char_2003_00_08_hca	False	True
一度背負った罪は生涯下ろせないんですよ…	一度背负的罪孽将伴随一生呢…	key_aligned	new	1027	9	character_profile_or_lobby	vo_char_1027_00_09_hca	False	True
一応…泳ぎ切れた…かな？	算是……游到终点了……吧？	key_aligned	new	1101	43	battle_result	vo_char_1101_00_43_hca	False	False
三人一緒の方が楽しいよ、きっと！	三个人一起肯定就更快乐了！	key_aligned	new	3015	6	character_profile_or_lobby	vo_char_3015_00_06_hca	False	True
上手く戦えました、私…？	我战斗得还好吗……？	key_aligned	new	2003	46	battle_result	vo_char_2003_00_46_hca	False	False
中二病がバレたら…終わり…	中二病がバレたら…終わり…	key_aligned	new	3056	9	character_profile_or_lobby	vo_char_3056_00_09_hca	False	True
主観を排することで見えてくるものもあるよ	有时会有将自己的主观排除在外才能看到的事\n物	key_aligned	new	3038	8	character_profile_or_lobby	vo_char_3038_00_08_hca	False	True
人間の強さは根っこの部分で同じなんだよね	人的强大就跟树的根部是一样的嘛。	key_aligned	new	1003	7	character_profile_or_lobby	vo_char_1003_00_07_hca	False	True
人類進化の道を閉ざすのは許さない！	绝不允许关上人类进化的道路！	key_aligned	new	1007	46	battle_result	vo_char_1007_00_46_hca	False	False
今の私、最強でしょ！	现在的我，就是最强吧！	key_aligned	new	1003	46	battle_result	vo_char_1003_00_46_hca	False	False
今まで何やってきたんですか？	今まで何やってきたんですか？	key_aligned	new	1040	45	battle_result	vo_char_1040_00_45_hca	False	False
今回こそはきっと…鹿目さんを救う…！	这次一定要……救下鹿目同学……！	key_aligned	new	2003	12	character_profile_or_lobby	vo_char_2003_00_12_hca	False	True
今回は参加型のインスタレーションなワケ	这次是可以参加的装置艺术作品。	key_aligned	new	1108	9	character_profile_or_lobby	vo_char_1108_00_09_hca	False	True
今年の初夢は、ちょっと不思議だったわねぇ	今年的初梦，有点奇异呢。	key_aligned	new	1117	11	character_profile_or_lobby	vo_char_1117_00_11_hca	False	True
今日のヒーローはわたしだよ！	今天的英雄是我哦！	key_aligned	new	1026	44	battle_result	vo_char_1026_00_44_hca	False	False
今日は公民館でボランティアなんですよっ	今天要去公民馆当志愿者哦	key_aligned	new	1027	11	character_profile_or_lobby	vo_char_1027_00_11_hca	False	True
今日も、放課後は美術館に行く予定です～！	今天放学后，也打算去美术馆！	key_aligned	new	3033	9	character_profile_or_lobby	vo_char_3033_00_09_hca	False	True
代わりにライフタイムは頂いたカラ	作为代价，就拿走你的寿命了。	key_aligned	new	1108	43	battle_result	vo_char_1108_00_43_hca	False	False
仮にもアタシは先輩だぞ！	再怎么说我也是前辈呀！	key_aligned	new	3003	10	character_profile_or_lobby	vo_char_3003_00_10_hca	False	True
仮説が証明されたな！	假设成立！	key_aligned	new	3003	44	battle_result	vo_char_3003_00_44_hca	False	False
任せろよ！オレ、ムチャクチャ強いから！	交给我来！我巨强无比！	key_aligned	new	1005	10	character_profile_or_lobby	vo_char_1005_00_10_hca	False	True
伝説のショコラを求めて、旅に出るのです	为了追寻传说的巧克力而出门旅行的说。	key_aligned	new	2700	7	character_profile_or_lobby	vo_char_2700_00_07_hca	False	True
何だ、もう終わりなのか？	怎么了，这就结束了？	key_aligned	new	4002	43	battle_result	vo_char_4002_00_43_hca	False	False
何で…？何で出て行ったりしたの？	为什么……？为什么要离开呢？	key_aligned	new	3016	12	character_profile_or_lobby	vo_char_3016_00_12_hca	False	True
何とか勝てたようね	总之是胜利了。	key_aligned	new	4022	43	battle_result	vo_char_4022_00_43_hca	False	False
何度やっても同じよ	不管多少次都是一样。	key_aligned	new	4031	45	battle_result	vo_char_4031_00_45_hca	False	False
信じてくれたのは、吉良だけだった…	愿意相信我的，只有吉良一个人…	key_aligned	new	3038	7	character_profile_or_lobby	vo_char_3038_00_07_hca	False	True
信じようが信じまいが、それは貴方の自由	信或者不信都是你的自由。	key_aligned	new	4031	6	character_profile_or_lobby	vo_char_4031_00_06_hca	False	True
値切らんし、値切らせもせんわ！	不讲价！不议价！	key_aligned	new	1041	9	character_profile_or_lobby	vo_char_1041_00_09_hca	False	True
僕の物語は終わりを知らないんだよ	我的故事，可没有什么终结。	key_aligned	new	1014	45	battle_result	vo_char_1014_00_45_hca	False	False
光を消させはしない	我不会让你掩盖光明的。	key_aligned	new	4022	46	battle_result	vo_char_4022_00_46_hca	False	False
全ての勝利は@我ら二木の魔法少女のために！	所有的胜利都是为了我们二木的魔法少女！	key_aligned	new	1022	46	battle_result	vo_char_1022_00_46_hca	True	True
全アイドル力、出しきったわ！	全部的偶像力，都发挥出来了！	key_aligned	new	1109	46	battle_result	vo_char_1109_00_46_hca	False	False
全部キレイにできれば、きっと気持ちいいわ	如果能完全净化，一定很舒服哦。	key_aligned	new	1017	12	character_profile_or_lobby	vo_char_1017_00_12_hca	False	True
冷蔵庫は３秒で閉めるのがルールだよ！	冰箱打开三秒就得关上，这是规定！	key_aligned	new	3020	11	character_profile_or_lobby	vo_char_3020_00_11_hca	False	True
出てこい、私の言葉。私の声…！	快说出我想说的话，我的声音……！	key_aligned	new	3025	12	character_profile_or_lobby	vo_char_3025_00_12_hca	False	True
刀の展示室に沙優希ちゃんが来てますね	沙优希来刀剑的展览区了呢。	key_aligned	new	3032	8	character_profile_or_lobby	vo_char_3032_00_08_hca	False	True
初詣って、うきうきするよね…！	新年参拜，真让人兴奋啊……！	key_aligned	new	2100	10	character_profile_or_lobby	vo_char_2100_00_10_hca	False	True
初詣にはぴったりの、穏やかな天気ね～	是正适合初次参拜的平静天气呢~	key_aligned	new	1117	6	character_profile_or_lobby	vo_char_1117_00_06_hca	False	True
別に…やちよの家の様子を…見てた訳じゃ…	倒不是……想看八千代家里的情况……	key_aligned	new	3049	7	character_profile_or_lobby	vo_char_3049_00_07_hca	False	True
別にこそこそしてるつもりはないわ…	我没想偷偷摸摸……\n只不过是收集情报而已。	key_aligned	new	3026	9	character_profile_or_lobby	vo_char_3026_00_09_hca	False	True
前へ進む…ただそれだけよ	向前进……就这么简单。	key_aligned	new	3026	46	battle_result	vo_char_3026_00_46_hca	False	False
創造の全ては皆のために	创造，是为了全体。	key_aligned	new	1014	46	battle_result	vo_char_1014_00_46_hca	False	False
動いたっ、ぼくのプログラムで…！	动了，它靠我的程序动起来了……！	key_aligned	new	1029	12	character_profile_or_lobby	vo_char_1029_00_12_hca	False	True
勝ち…！…ました…はい…！	我……！……赢了……嗯！	key_aligned	new	3025	43	battle_result	vo_char_3025_00_43_hca	False	False
勝ちたければ、ぜひ調整屋に	勝ちたければ、ぜひ調整屋に	key_aligned	new	1040	44	battle_result	vo_char_1040_00_44_hca	False	False
勝ちました！@はぁ～…やれやれなのです…	胜利了！哈啊……真是的……	key_aligned	new	2007	43	battle_result	vo_char_2007_00_43_hca	True	True
勝ったー！…で、いいよね？	赢了！还不错吧？	key_aligned	new	3015	45	battle_result	vo_char_3015_00_45_hca	False	False
勝てた…！少し自信を持てるかも	赢了……！说不定，我能稍微有点自信了。	key_aligned	new	1030	45	battle_result	vo_char_1030_00_45_hca	False	False
勝利、いただいたよ	这场胜利归我了。	key_aligned	new	2006	43	battle_result	vo_char_2006_00_43_hca	False	False
勝利、まいどあり！	胜利，谢谢惠顾！	key_aligned	new	3020	43	battle_result	vo_char_3020_00_43_hca	False	False
勝者は未来が決めるのよ	胜者决定未来	key_aligned	new	3038	44	battle_result	vo_char_3038_00_44_hca	False	False
勝負は度胸です！	胜负取决于胆量！	key_aligned	new	3017	45	battle_result	vo_char_3017_00_45_hca	False	False
千秋屋のおかず、試食で一口どうですか？	千秋屋的小菜，要试吃一口吗？	key_aligned	new	3035	7	character_profile_or_lobby	vo_char_3035_00_07_hca	False	True
千秋屋の看板は@簡単に背負えるものじゃないです！	千秋屋的看板娘才不会轻易就骄傲呢！	key_aligned	new	3035	46	battle_result	vo_char_3035_00_46_hca	True	True
協力プレー…って、思っていい…？	合作演奏……可以这样认为吗？	key_aligned	new	3049	45	battle_result	vo_char_3049_00_45_hca	False	False
危機一髪ってとこだったね	真是千钧一发呀。	key_aligned	new	2004	44	battle_result	vo_char_2004_00_44_hca	False	False
叔父様は何を見てどこに消えたのかな…	叔父大人看到了什么，又消失在哪里了呢……	key_aligned	new	1007	12	character_profile_or_lobby	vo_char_1007_00_12_hca	False	True
古い慣習の軛から、どうか解かれますように	但愿我们都能从旧习的桎梏中挣脱出来	key_aligned	new	1027	12	character_profile_or_lobby	vo_char_1027_00_12_hca	False	True
可愛いでしょ、私のフローレンス	很可爱吧，我的佛罗伦斯。	key_aligned	new	2500	10	character_profile_or_lobby	vo_char_2500_00_10_hca	False	True
名前はかずみ。苗字はまだ思い出せないんだ	我叫和美。姓，我还没有想起来。	key_aligned	new	4011	11	character_profile_or_lobby	vo_char_4011_00_11_hca	False	True
命拾いしたわね、あなたたち	你们真是捡了一条命。	key_aligned	new	2002	44	battle_result	vo_char_2002_00_44_hca	False	False
哀れな子羊よ、安らかに…	哀れな子羊よ、安らかに…	key_aligned	new	3056	43	battle_result	vo_char_3056_00_43_hca	False	False
喝!!	喝!!	key_aligned	new	3058	44	battle_result	vo_char_3058_00_44_hca	False	False
報酬はメダルチョコでお願いするのです	报酬想要奖牌巧克力的说。	key_aligned	new	2700	6	character_profile_or_lobby	vo_char_2700_00_06_hca	False	True
夏の暑さでバテる性質じゃないんでね	我可不是会被夏天热倒的类型。	key_aligned	new	2600	45	battle_result	vo_char_2600_00_45_hca	False	False
夏休み？あたしには関係ないね	暑假？这跟我无关啦。	key_aligned	new	2600	7	character_profile_or_lobby	vo_char_2600_00_07_hca	False	True
外の世界ってすごい…	外面的世界好厉害啊……	key_aligned	new	1015	6	character_profile_or_lobby	vo_char_1015_00_06_hca	False	True
夜の海って、ちょっと怖いですね…	晚上的大海，有点可怕啊……	key_aligned	new	2300	11	character_profile_or_lobby	vo_char_2300_00_11_hca	False	True
夢を見せるのがアイドルの役目よ…！	让大家看到梦想可是偶像的职责哦…！	key_aligned	new	1109	6	character_profile_or_lobby	vo_char_1109_00_06_hca	False	True
大丈夫。私が…守るから	没问题。我会保护你的。	key_aligned	new	3016	46	battle_result	vo_char_3016_00_46_hca	False	False
大丈夫って…信じてたから	没问题的……我相信！	key_aligned	new	1001	44	battle_result	vo_char_1001_00_44_hca	False	False
大丈夫大丈夫！きっと大丈夫！	没问题没问题！一定没问题的！	key_aligned	new	3015	8	character_profile_or_lobby	vo_char_3015_00_08_hca	False	True
大丈夫大丈夫！報酬なんてちょっとだからさ！	放心放心！报酬要得不多！	key_aligned	new	1005	8	character_profile_or_lobby	vo_char_1005_00_08_hca	False	True
大人の味は、ちょっと苦手なのです…	苦味的纯巧克力，有点受不了的说……	key_aligned	new	2700	10	character_profile_or_lobby	vo_char_2700_00_10_hca	False	True
大切だからっ…！本音でぶつかるんだよ！	正因为是重要的人…！\n所以才要说真心话啊！	key_aligned	new	1001	10	character_profile_or_lobby	vo_char_1001_00_10_hca	False	True
大物、無事釣れました！	顺利钓上来一条大鱼了！	key_aligned	new	2300	46	battle_result	vo_char_2300_00_46_hca	False	False
天使様もそう私に教えてくださっています	天使大人也是那样告诉我的。	key_aligned	new	4021	11	character_profile_or_lobby	vo_char_4021_00_11_hca	False	True
天然ボケ？キャラクター？…です～？	天然呆？人设？	key_aligned	new	3033	12	character_profile_or_lobby	vo_char_3033_00_12_hca	False	True
奇跡ならもう起こってくださっています	如果是奇迹，那么它已经发生了。	key_aligned	new	4021	6	character_profile_or_lobby	vo_char_4021_00_06_hca	False	True
奇跡も、魔法も、あるんだよ	奇迹和魔法，都是存在的哟。	key_aligned	new	2004	12	character_profile_or_lobby	vo_char_2004_00_12_hca	False	True
姉さまの部屋に住みた～い！快適すぎる～！	好想住在姐姐大人的屋子里呀~！太舒适了~\n！	key_aligned	new	1023	6	character_profile_or_lobby	vo_char_1023_00_06_hca	False	True
嫌われるのが怖くて…自分に嘘をついた	因为害怕被别人讨厌……\n就违背了自己的内心……	key_aligned	new	1001	8	character_profile_or_lobby	vo_char_1001_00_08_hca	False	True
宇宙はわたくしにとって唯一の自由なんだよ	宇宙是我唯一的自由哦。	key_aligned	new	1007	8	character_profile_or_lobby	vo_char_1007_00_08_hca	False	True
安定して釣れるようになりました！	变得能够稳定钓上来了！	key_aligned	new	2300	45	battle_result	vo_char_2300_00_45_hca	False	False
安心しろ、あたしは死なねえから	安心しろ、あたしは死なねえから	key_aligned	new	3058	45	battle_result	vo_char_3058_00_45_hca	False	False
実に虚しい勝利だ…	実に虚しい勝利だ…	key_aligned	new	3056	46	battle_result	vo_char_3056_00_46_hca	False	False
実験大成功だ！	实验成功了！	key_aligned	new	3003	46	battle_result	vo_char_3003_00_46_hca	False	False
客観的でいる方が、気が楽なのよ	保持客观，才更为轻松哦	key_aligned	new	3038	11	character_profile_or_lobby	vo_char_3038_00_11_hca	False	True
宣伝だけじゃなく、@戦闘も慣れて来たかな？	不只是宣传，也是来熟悉战斗的吧？	key_aligned	new	1201	45	battle_result	vo_char_1201_00_45_hca	True	True
家に帰らなきゃね！	我得回家去了！	key_aligned	new	3020	46	battle_result	vo_char_3020_00_46_hca	False	False
寺生まれ、ナメんなよ	寺生まれ、ナメんなよ	key_aligned	new	3058	43	battle_result	vo_char_3058_00_43_hca	False	False
少しは幸せになれたかしら？	稍微幸福一点了吗？	key_aligned	new	2500	43	battle_result	vo_char_2500_00_43_hca	False	False
平気平気、人間に肩入れする気はあれへんし	不用担心，我可没打算要特别支援别人	key_aligned	new	1041	10	character_profile_or_lobby	vo_char_1041_00_10_hca	False	True
店長から電話だ、@すぐにバイトに行く！	店长打电话来了，得马上去店里！	key_aligned	new	1016	44	battle_result	vo_char_1016_00_44_hca	True	True
弟は姉弟という名の他人のような関係かな	只是名为姐弟\n却形同陌路的关系而已。	key_aligned	new	1014	9	character_profile_or_lobby	vo_char_1014_00_09_hca	False	True
強いお姉ちゃんになれたかな	是不是变成了厉害的姐姐了呢？	key_aligned	new	1001	46	battle_result	vo_char_1001_00_46_hca	False	False
強くなったら何でもやれるでしょ！	只要变强就什么都能做到了吧！	key_aligned	new	1003	8	character_profile_or_lobby	vo_char_1003_00_08_hca	False	True
強くなって出直してこい！	強くなって出直してこい！	key_aligned	new	3058	46	battle_result	vo_char_3058_00_46_hca	False	False
当たり前だろう？	这是当然的吧？	key_aligned	new	4002	44	battle_result	vo_char_4002_00_44_hca	False	False
役に立てるようになったかな	是不是能帮上忙了呢？	key_aligned	new	1015	46	battle_result	vo_char_1015_00_46_hca	False	False
心は…空気に伝わって…周りに伝播する…	心情……会透过空气……传递给四周……	key_aligned	new	3049	12	character_profile_or_lobby	vo_char_3049_00_12_hca	False	True
必ず無事に、この結界から連れ帰ってやる	我一定会把你安全带出这个结界。	key_aligned	new	3003	11	character_profile_or_lobby	vo_char_3003_00_11_hca	False	True
必ず生き延びてみせる…	我一定会活下去……	key_aligned	new	3026	43	battle_result	vo_char_3026_00_43_hca	False	False
必要なのは調整？アイテム？わたし？	需要调整？道具？还是我？	key_aligned	new	1017	7	character_profile_or_lobby	vo_char_1017_00_07_hca	False	True
怪しくなってきましたね…雲行きが	形势……变得奇怪了呢……	key_aligned	new	3017	7	character_profile_or_lobby	vo_char_3017_00_07_hca	False	True
息ピッタリだったね！	很合拍呢！	key_aligned	new	4011	45	battle_result	vo_char_4011_00_45_hca	False	False
悪いか！アイドルはアタシの憧れなんだよ！	不好吗！我就是憧憬着偶像！	key_aligned	new	1010	6	character_profile_or_lobby	vo_char_1010_00_06_hca	False	True
悪い人が魔女になるとは、限らないんだね	未必是坏人才会成为魔女。	key_aligned	new	4011	7	character_profile_or_lobby	vo_char_4011_00_07_hca	False	True
想像して欲しいんだヨネ、滅びた世界を	请你想象一下毁灭的世界。	key_aligned	new	1108	46	battle_result	vo_char_1108_00_46_hca	False	False
我は弱き魔法少女を助ける、マジカルかりん	援助弱小的魔法少女，我乃魔法花凛是也。	key_aligned	new	1012	8	character_profile_or_lobby	vo_char_1012_00_08_hca	False	True
我慢の限界だ…！死んで償ってもらうよ!!	我忍不了了……！偿命吧!!	key_aligned	new	4002	9	character_profile_or_lobby	vo_char_4002_00_09_hca	False	True
戦いの前に飲む紅茶は、覚悟の証よ	战斗前的红茶，是觉悟的象征。	key_aligned	new	2500	9	character_profile_or_lobby	vo_char_2500_00_09_hca	False	True
手出ししないで。あれは私たちの獲物よ	请住手。那是我们的猎物。	key_aligned	new	3026	11	character_profile_or_lobby	vo_char_3026_00_11_hca	False	True
探究を続けましょうか	继续探究吗	key_aligned	new	3038	45	battle_result	vo_char_3038_00_45_hca	False	False
接客というのは思ったより面倒だな…	接待客人真是比想象中还要棘手……	key_aligned	new	1016	6	character_profile_or_lobby	vo_char_1016_00_06_hca	False	True
接客も魔女退治も、@笑顔が一番ですから！	对待客人和退治魔女，笑容都是第一位的！	key_aligned	new	3035	44	battle_result	vo_char_3035_00_44_hca	True	True
数年前のひかるだと未来が見えなかったっす	数年前的我预料不到这样的未来	key_aligned	new	1022	8	character_profile_or_lobby	vo_char_1022_00_08_hca	False	True
新しい目的のためにも退きはしないわ	为了新的目的，我不能退缩。	key_aligned	new	2500	7	character_profile_or_lobby	vo_char_2500_00_07_hca	False	True
新年からめでたいわぁ♪	新年值得庆祝♪	key_aligned	new	1117	46	battle_result	vo_char_1117_00_46_hca	False	False
新年から縁起がいいね！	新年的兆头不错呀！	key_aligned	new	2100	45	battle_result	vo_char_2100_00_45_hca	False	False
早くお店に行かないと、くみの@ステージが始まっちゃいますぅ！	不快点到店里的话，郁美的表演就要开始了！	key_aligned	new	3053	44	battle_result	vo_char_3053_00_44_hca	True	True
早く帰って、おもち食べよっ！	快点回去吃年糕喽！	key_aligned	new	2100	44	battle_result	vo_char_2100_00_44_hca	False	False
昔なら、もう少し頑張れたんですが	如果是以前，还能再努力一点的。	key_aligned	new	1006	44	battle_result	vo_char_1006_00_44_hca	False	False
昔の自分を思い出すのは恥ずかしいですね	昔の自分を思い出すのは恥ずかしいですね	key_aligned	new	1040	6	character_profile_or_lobby	vo_char_1040_00_06_hca	False	True
時女の魔法少女にとって私は異質なんです	对时女的魔法少女而言，我是异质的	key_aligned	new	1027	7	character_profile_or_lobby	vo_char_1027_00_07_hca	False	True
時雨ちゃん、今日ヒマかな？お話したいなぁ	时雨，今天有空吗？好想跟你聊聊天啊。	key_aligned	new	1030	7	character_profile_or_lobby	vo_char_1030_00_07_hca	False	True
暑さに負けていられません！	我不会输给炎热的！	key_aligned	new	2300	44	battle_result	vo_char_2300_00_44_hca	False	False
暗殺者…そう呼ばれているのは知ってるわ	暗杀者……这个称呼你知道吧。	key_aligned	new	4031	7	character_profile_or_lobby	vo_char_4031_00_07_hca	False	True
暗黒いろは…爆誕!!	暗黑彩羽……闪亮登场!!	key_aligned	new	1201	9	character_profile_or_lobby	vo_char_1201_00_09_hca	False	True
書初めの言葉なら、もう決めてるわよぉ	初次书写的内容，已经想好了哦。	key_aligned	new	1117	7	character_profile_or_lobby	vo_char_1117_00_07_hca	False	True
最強にカワイイ魔法少女を目指すし！	目标是成为最强最可爱的魔法少女！	key_aligned	new	3006	9	character_profile_or_lobby	vo_char_3006_00_09_hca	False	True
最強の魔法少女の座は、私がもらった～！	最强魔法少女的宝座，我收下啦~！	key_aligned	new	1003	11	character_profile_or_lobby	vo_char_1003_00_11_hca	False	True
最後の作品は自分って決めてるんだヨネ	最后的作品，就决定是我自己了。	key_aligned	new	1008	9	character_profile_or_lobby	vo_char_1008_00_09_hca	False	True
月咲ちゃんが楽しそうで何よりでございます	月咲很开心，这比什么都好。	key_aligned	new	1118	11	character_profile_or_lobby	vo_char_1118_00_11_hca	False	True
未来が少し明るくなったと思います！	未来变得稍微明朗一些了！	key_aligned	new	1027	45	battle_result	vo_char_1027_00_45_hca	False	False
未来は可能性に溢れてる…あは…あっはは！	未来充满了可能性……啊哈……啊哈哈！	key_aligned	new	3018	12	character_profile_or_lobby	vo_char_3018_00_12_hca	False	True
本当に都会って便利ですね、驚きばかりです	大都市真的很便利，全都让我惊讶不已	key_aligned	new	1027	6	character_profile_or_lobby	vo_char_1027_00_06_hca	False	True
梨花ちゃんへのプレゼント、何にしよう…	送给梨花的礼物，选什么好呢……	key_aligned	new	3501	10	character_profile_or_lobby	vo_char_3501_00_10_hca	False	True
次はお菓子を持ってきたら許すのだ	下次带上糖果就放过你。	key_aligned	new	1012	45	battle_result	vo_char_1012_00_45_hca	False	False
次も楽しみたいなぁ～！	很期待下次！	key_aligned	new	3018	45	battle_result	vo_char_3018_00_45_hca	False	False
次女さんのキレっぽいのも考えものっすね…	次女的像要发狂的样子也耐人寻味呢…	key_aligned	new	1022	11	character_profile_or_lobby	vo_char_1022_00_11_hca	False	True
歌って…叫んで…全てを燃焼させたい…	去歌唱……去呐喊……去燃烧一切……	key_aligned	new	3049	9	character_profile_or_lobby	vo_char_3049_00_09_hca	False	True
歴史に学ばぬ者の末路ね	不学历史之人的末路呢	key_aligned	new	3038	46	battle_result	vo_char_3038_00_46_hca	False	False
死にたくない…卑しい欲望です	死にたくない…卑しい欲望です	key_aligned	new	1040	10	character_profile_or_lobby	vo_char_1040_00_10_hca	False	True
死んで詫びろ…!!	死んで詫びろ…!!	key_aligned	new	1040	46	battle_result	vo_char_1040_00_46_hca	False	False
残さず平らげたよ！	一点不剩，吃得精光！	key_aligned	new	3024	43	battle_result	vo_char_3024_00_43_hca	False	False
母様、私は何者なのでございましょうか!?	母亲，我到底是谁！？	key_aligned	new	1018	12	character_profile_or_lobby	vo_char_1018_00_12_hca	False	True
母親の様な彼女を見ると、少しイラ立ちが…	母親の様な彼女を見ると、少しイラ立ちが…	key_aligned	new	1040	7	character_profile_or_lobby	vo_char_1040_00_07_hca	False	True
毎度お騒がせして…ほんとすみません…	每次都会引起混乱……真的非常对不起……	key_aligned	new	3017	6	character_profile_or_lobby	vo_char_3017_00_06_hca	False	True
毒に侵されたこの町は、燃やさねば…	这座被毒害的城市，不得不将其烧毁……	key_aligned	new	1016	12	character_profile_or_lobby	vo_char_1016_00_12_hca	False	True
気持ちを形にするって、やっぱり難しい…	要为感情赋予形体，真的好难……	key_aligned	new	3501	11	character_profile_or_lobby	vo_char_3501_00_11_hca	False	True
永禄3年、かの戦国大名、織田信長殿は…	永禄3年，那位战国大名，织田信长殿下……	key_aligned	new	3033	10	character_profile_or_lobby	vo_char_3033_00_10_hca	False	True
汗かいたしベタベタやわ、@帰りは銭湯にでも寄ろか	出了汗浑身黏糊糊的，回去的时候顺便去澡堂\n吧	key_aligned	new	1041	45	battle_result	vo_char_1041_00_45_hca	True	True
沙優希がアイドル、ですか…？	沙优希是偶像了……？	key_aligned	new	3033	7	character_profile_or_lobby	vo_char_3033_00_07_hca	False	True
泡立て器にもいろいろあるのです	打蛋器也有好多种类的说。	key_aligned	new	2700	8	character_profile_or_lobby	vo_char_2700_00_08_hca	False	True
波の音って素敵…ずっと聞いていたいな…	海浪的声音好好听……真想一直听下去啊……	key_aligned	new	2300	12	character_profile_or_lobby	vo_char_2300_00_12_hca	False	True
泣いたら負け！寂しくなんてないですから！	要是哭出来的话就输了！\n我一点都不寂寞！	key_aligned	new	3035	10	character_profile_or_lobby	vo_char_3035_00_10_hca	False	True
泳ぎだしたら頭真っ白になっちゃって…	游起来大脑一片空白……	key_aligned	new	1101	9	character_profile_or_lobby	vo_char_1101_00_09_hca	False	True
泳ぎの方もどうにかならないかな…	游泳真的没什么办法吗……	key_aligned	new	1101	44	battle_result	vo_char_1101_00_44_hca	False	False
海と言えば…うーん、なんでしょう？	说到大海的话……嗯，是什么呢？	key_aligned	new	2300	9	character_profile_or_lobby	vo_char_2300_00_09_hca	False	True
海の生物だと何が好きですか？	在你喜欢海里的什么生物呢？	key_aligned	new	2300	7	character_profile_or_lobby	vo_char_2300_00_07_hca	False	True
海香、カオル！ごはんできたよ～！	海香、薰！饭做好了哦~！	key_aligned	new	4011	9	character_profile_or_lobby	vo_char_4011_00_09_hca	False	True
準備運動にもならなかったな	连准备运动都算不上。	key_aligned	new	2600	43	battle_result	vo_char_2600_00_43_hca	False	False
火が点いた家計が、もはや崩れそうだな…	家境陷入燃眉之急，已经快要倒了……	key_aligned	new	1016	9	character_profile_or_lobby	vo_char_1016_00_09_hca	False	True
灯花様の言葉が、ぼくの救い	灯花大人的话语，就是我的救赎。	key_aligned	new	1029	9	character_profile_or_lobby	vo_char_1029_00_09_hca	False	True
無理すんなよ！手伝ってやろうか？	别强撑着了！我来帮你吧？	key_aligned	new	1005	11	character_profile_or_lobby	vo_char_1005_00_11_hca	False	True
無理だよ！この浮き輪、離せないんだもん！	做不到的！我真的离不开这个泳圈！	key_aligned	new	1101	7	character_profile_or_lobby	vo_char_1101_00_07_hca	False	True
父様の篠笛には秘密があったでございます	父亲的竹笛，蕴藏着秘密。	key_aligned	new	1018	7	character_profile_or_lobby	vo_char_1018_00_07_hca	False	True
特売日のスーパーは戦場なんだから！	特卖日的超市就是战场！	key_aligned	new	3020	12	character_profile_or_lobby	vo_char_3020_00_12_hca	False	True
猫の目って、澄んでいてとても綺麗ですよね	猫的眼睛那么清澈，真漂亮啊。	key_aligned	new	1004	7	character_profile_or_lobby	vo_char_1004_00_07_hca	False	True
理屈ってそんなに必要かな？	所谓的理由真的有那么重要吗？	key_aligned	new	1026	10	character_profile_or_lobby	vo_char_1026_00_10_hca	False	True
理由？ないけど？いるの？	理由？没有哦？需要吗？	key_aligned	new	3018	10	character_profile_or_lobby	vo_char_3018_00_10_hca	False	True
甘く見てるとこわ～い目に遭うわよぉ？	要是小看我，会遇到恐怖的事情哦。	key_aligned	new	1017	9	character_profile_or_lobby	vo_char_1017_00_09_hca	False	True
甘っちょろい魔法少女は、早死にするからな	太过天真的魔法少女是活不长的。	key_aligned	new	2006	7	character_profile_or_lobby	vo_char_2006_00_07_hca	False	True
甘みの暴力にひれ伏すのです…	是被甜食的暴力所折服的说……	key_aligned	new	2700	45	battle_result	vo_char_2700_00_45_hca	False	False
生きてこそ…ですね	因为我还活着……	key_aligned	new	3025	45	battle_result	vo_char_3025_00_45_hca	False	False
生も死も我々に@平等に与えられた権利だ	生死是平等地给予我们的权利。	key_aligned	new	1016	45	battle_result	vo_char_1016_00_45_hca	True	True
由比鶴乃…深月フェリシア…!?	由比鹤乃……还有深月菲莉希亚！？	key_aligned	new	1018	8	character_profile_or_lobby	vo_char_1018_00_08_hca	False	True
疲れた～…お茶飲みたい…	好累……想喝杯茶……	key_aligned	new	3015	46	battle_result	vo_char_3015_00_46_hca	False	False
皆さん、無事ですか!?	大家都没事吧!?	key_aligned	new	4021	44	battle_result	vo_char_4021_00_44_hca	False	False
皆さんのおかげです	都是大家的功劳。	key_aligned	new	4021	46	battle_result	vo_char_4021_00_46_hca	False	False
皆さんを幸せにできたでしょうか…？	大家都变得幸福了吗？	key_aligned	new	3501	44	battle_result	vo_char_3501_00_44_hca	False	False
目の前で事件が起きて、黙ってられっか！	目の前で事件が起きて、黙ってられっか！	key_aligned	new	3058	7	character_profile_or_lobby	vo_char_3058_00_07_hca	False	True
目の前で起きた事は否定できない事実です…	我眼前发生的事是无法否定的事实……	key_aligned	new	3053	11	character_profile_or_lobby	vo_char_3053_00_11_hca	False	True
真っ白でピカピカの三角巾が目印ですから！	纯白色闪闪发光的三角巾就是标记！	key_aligned	new	3035	9	character_profile_or_lobby	vo_char_3035_00_09_hca	False	True
着付けは初めてだったし、ドキドキしたわぁ	第一次穿盛装，好激动啊。	key_aligned	new	1117	8	character_profile_or_lobby	vo_char_1117_00_08_hca	False	True
知ってる？星言葉っていうのもあるんだよー	你知道吗？\n有种叫做星语的东西哦——	key_aligned	new	1007	10	character_profile_or_lobby	vo_char_1007_00_10_hca	False	True
確かに、それもひとつの史観かもね	确实，这或许也是一种史观	key_aligned	new	3038	6	character_profile_or_lobby	vo_char_3038_00_06_hca	False	True
礼など不要でしてよ	无需多礼。	key_aligned	new	4026	43	battle_result	vo_char_4026_00_43_hca	False	False
神浜のヤツらに…思い知らせてやるんだ…！	我要让神滨的家伙…都痛感到自己的罪过…！	key_aligned	new	1023	12	character_profile_or_lobby	vo_char_1023_00_12_hca	False	True
神浜のラブキュンメイドさん、くみだよぉ！	我是神滨的心动女仆，郁美哟！	key_aligned	new	3053	6	character_profile_or_lobby	vo_char_3053_00_06_hca	False	True
神浜市…なかなか悪くない狩場ね	神滨市……真是个不错的猎场。	key_aligned	new	3026	8	character_profile_or_lobby	vo_char_3026_00_08_hca	False	True
私…鹿目さんとの出会いをやり直したい！	我……想和鹿目同学重新相遇！	key_aligned	new	2003	6	character_profile_or_lobby	vo_char_2003_00_06_hca	False	True
私、食べるの専門！料理は全然ダメなんだー	我是专门负责吃的！完全不会做饭	key_aligned	new	3024	12	character_profile_or_lobby	vo_char_3024_00_12_hca	False	True
私が今、もっとも信じられるものを!!	我现在，就是最受信任的人!!	key_aligned	new	4021	9	character_profile_or_lobby	vo_char_4021_00_09_hca	False	True
私が守らなきゃ…いけなかったのに…！	我明明……必须要守住才行……！	key_aligned	new	3016	8	character_profile_or_lobby	vo_char_3016_00_08_hca	False	True
私が引けないよおおおおっふ	我抽不到啊啊啊啊啊啊呜	key_aligned	new	1201	11	character_profile_or_lobby	vo_char_1201_00_11_hca	False	True
私が遠くに居るんですか？それとも…	我应该站远点吗？还是……	key_aligned	new	1004	6	character_profile_or_lobby	vo_char_1004_00_06_hca	False	True
私たちの目的のために、@すみません…！	为了我们的目的，对不起了…！	key_aligned	new	1027	43	battle_result	vo_char_1027_00_43_hca	True	True
私たちは私たちで生き抜いてみせるわ	我们要用自己的方式活下去。	key_aligned	new	3026	7	character_profile_or_lobby	vo_char_3026_00_07_hca	False	True
私だって、十分戦える…！	就算是我，也是有相当的战斗能力的……！	key_aligned	new	1030	46	battle_result	vo_char_1030_00_46_hca	False	False
私って、なんで生まれたんでしょうかね…	我，为什么会出生呢……	key_aligned	new	1004	11	character_profile_or_lobby	vo_char_1004_00_11_hca	False	True
私とずいぶん似ていたでございます	和我的外貌尤其相似。	key_aligned	new	1018	9	character_profile_or_lobby	vo_char_1018_00_09_hca	False	True
私にできること…もっと考えなきゃ！	得好好思考…我能办到的事！	key_aligned	new	3024	8	character_profile_or_lobby	vo_char_3024_00_08_hca	False	True
私には、それはキラキラと輝いて見えました	在看我来，她真的是一个很耀眼的人。	key_aligned	new	3025	8	character_profile_or_lobby	vo_char_3025_00_08_hca	False	True
私の周りだけが腐った世界になってくんや…	只有我周围的世界会变得腐败…	key_aligned	new	1041	12	character_profile_or_lobby	vo_char_1041_00_12_hca	False	True
私の夢はね、ふたつの願いでできてるの…	我的梦想，是依靠两个愿望实现的……	key_aligned	new	3053	10	character_profile_or_lobby	vo_char_3053_00_10_hca	False	True
私の愛を見くびらないでほしいね	可不要小看我的爱啊。	key_aligned	new	4002	46	battle_result	vo_char_4002_00_46_hca	False	False
私の目は先を見据えてるの	我的眼睛一直看着前方。	key_aligned	new	3026	44	battle_result	vo_char_3026_00_44_hca	False	False
私の言った通りでしょう？	正如我所说的那样吧？	key_aligned	new	3038	12	character_profile_or_lobby	vo_char_3038_00_12_hca	False	True
私は…この希望を見つめて生きていこう	我……要注视着这份希望活下去。	key_aligned	new	3025	10	character_profile_or_lobby	vo_char_3025_00_10_hca	False	True
私は、どこで間違えてしまったのでしょう	私は、どこで間違えてしまったのでしょう	key_aligned	new	1040	8	character_profile_or_lobby	vo_char_1040_00_08_hca	False	True
私は、もう愛しておりませんもの	我已经，不再爱你了。	key_aligned	new	4024	9	character_profile_or_lobby	vo_char_4024_00_09_hca	False	True
私は、彼女を守る私になりたい…	我，想要成为保护她的人……	key_aligned	new	2003	7	character_profile_or_lobby	vo_char_2003_00_07_hca	False	True
私はお暇させていただきたく思います	我想该让我告辞了吧。	key_aligned	new	4024	46	battle_result	vo_char_4024_00_46_hca	False	False
私はへっちゃらです、無事でよかった	不用在意我，只要没事就好了。	key_aligned	new	4021	12	character_profile_or_lobby	vo_char_4021_00_12_hca	False	True
私はキミを願って魔法少女になったんだ	我是为你祈愿而成为的魔法少女。	key_aligned	new	4002	7	character_profile_or_lobby	vo_char_4002_00_07_hca	False	True
私は傭兵よ…イタリアからフランスへ来たの	我是个佣兵……从意大利来到的法兰西。	key_aligned	new	4022	10	character_profile_or_lobby	vo_char_4022_00_10_hca	False	True
私は月咲ちゃんを嫌いになりたくない…	我不想和月咲妹妹闹不愉快……	key_aligned	new	1018	10	character_profile_or_lobby	vo_char_1018_00_10_hca	False	True
私は正しいことをしているの	我在做我认为正确的事情。	key_aligned	new	4031	44	battle_result	vo_char_4031_00_44_hca	False	False
私は永遠の迷路に閉じ込められても構わない	就算把我关进永远的迷宫也无所谓。	key_aligned	new	2002	12	character_profile_or_lobby	vo_char_2002_00_12_hca	False	True
私は知ってしまったのよ…	我全都知道了……	key_aligned	new	2500	6	character_profile_or_lobby	vo_char_2500_00_06_hca	False	True
私は私に出来ることを続けます	我会继续做着力所能及的事。	key_aligned	new	4021	8	character_profile_or_lobby	vo_char_4021_00_08_hca	False	True
私は私のために生きるって決めたから！	我已决定要为自己而生活！	key_aligned	new	3016	9	character_profile_or_lobby	vo_char_3016_00_09_hca	False	True
私は誰も絶望なんてさせないわ	我不会让任何人绝望的。	key_aligned	new	2500	45	battle_result	vo_char_2500_00_45_hca	False	False
私は魔女にはならない!!	我不会变成魔女！！	key_aligned	new	4031	12	character_profile_or_lobby	vo_char_4031_00_12_hca	False	True
笑う門には、福来たる、だよ！	笑门开，幸福来！	key_aligned	new	2100	11	character_profile_or_lobby	vo_char_2100_00_11_hca	False	True
筆を折ったのはそっちだね	结果是对面就此封笔了呢。	key_aligned	new	1014	44	battle_result	vo_char_1014_00_44_hca	False	False
素敵なレストラン…星５つあげちゃう！	很棒的餐厅啊…给你打个五星！	key_aligned	new	3024	6	character_profile_or_lobby	vo_char_3024_00_06_hca	False	True
素晴らしい…親子のようでした…	素晴らしい…親子のようでした…	key_aligned	new	1040	11	character_profile_or_lobby	vo_char_1040_00_11_hca	False	True
紡がれた物語は、ここでひとつの形に…!!	被编织的故事，在此显形……！！	key_aligned	new	1014	7	character_profile_or_lobby	vo_char_1014_00_07_hca	False	True
終わりー！さっ、一緒に帰ろう？	结束了——！来，一起回去吧？	key_aligned	new	4032	46	battle_result	vo_char_4032_00_46_hca	False	False
結果なんて…ふふ…知らないよぉ！	结果……呵呵……管它呢！	key_aligned	new	3018	11	character_profile_or_lobby	vo_char_3018_00_11_hca	False	True
綺麗な海…！月夜ちゃんと来れてよかった…	好美的大海！\n能和月夜一起来真是太好了……	key_aligned	new	1118	10	character_profile_or_lobby	vo_char_1118_00_10_hca	False	True
織莉子…慈悲深い人、私を赦してくれた人…	织莉子……是个十分仁慈的人，也是\n将我宽赦的人。	key_aligned	new	4002	6	character_profile_or_lobby	vo_char_4002_00_06_hca	False	True
繰り返す…私は何度でも繰り返す	轮回……我无论多少次都会轮回……	key_aligned	new	2002	8	character_profile_or_lobby	vo_char_2002_00_8_hca	False	True
美しくも、実に愚かしい…	美丽，而又愚蠢……	key_aligned	new	4024	6	character_profile_or_lobby	vo_char_4024_00_06_hca	False	True
美味しく焼きあがったのです	烤得香喷喷的说！	key_aligned	new	2700	43	battle_result	vo_char_2700_00_43_hca	False	False
習い事はたくさんしましたね	習い事はたくさんしましたね	key_aligned	new	1040	12	character_profile_or_lobby	vo_char_1040_00_12_hca	False	True
背中を任せる安心感…心が落ち着く…	能够交出身后的安心感……让人放心……	key_aligned	new	3049	44	battle_result	vo_char_3049_00_44_hca	False	False
自分にウソをつくとかデッドライフだヨネ	要对自己说谎，那就跟活死人没两样。	key_aligned	new	1008	12	character_profile_or_lobby	vo_char_1008_00_12_hca	False	True
自分のことが疎かなのは許して欲しいっす！	还请原谅我对自己的事很敷衍这一点！	key_aligned	new	1022	7	character_profile_or_lobby	vo_char_1022_00_07_hca	False	True
自分を信じて戦うの…そうすればきっと…	相信着自己去战斗……那样就一定能……	key_aligned	new	2005	7	character_profile_or_lobby	vo_char_2005_00_07_hca	False	True
自分を褒めちゃいたい気分？	我都忍不住夸自己了哦？	key_aligned	new	2004	45	battle_result	vo_char_2004_00_45_hca	False	False
自覚のない悪は正義と表裏一体、最も面倒だ	不自觉的作恶与正义是表里一体，最为棘手。	key_aligned	new	1016	11	character_profile_or_lobby	vo_char_1016_00_11_hca	False	True
自身の行動を呪い、そして償え	为自己的行动感到痛心，而后偿还吧。	key_aligned	new	1016	46	battle_result	vo_char_1016_00_46_hca	False	False
良かった…終わったよね…	太好了……结束了……	key_aligned	new	2003	44	battle_result	vo_char_2003_00_44_hca	False	False
花より団子ってヤツなんだよ、あたしはさ	我啊，是那种比起外表更重视实质的人哦。	key_aligned	new	2006	12	character_profile_or_lobby	vo_char_2006_00_12_hca	False	True
莉愛ちゃんのことまた怒らせちゃったみたい	我似乎又惹莉爱生气了。	key_aligned	new	3032	6	character_profile_or_lobby	vo_char_3032_00_06_hca	False	True
葉月、あやめ。いつものパターンで行くよ！	叶月、菖蒲。就按平常的样子行动吧！	key_aligned	new	3026	10	character_profile_or_lobby	vo_char_3026_00_10_hca	False	True
葉月、あやめ。ついてらっしゃい	叶月、菖蒲。跟我来。	key_aligned	new	3026	6	character_profile_or_lobby	vo_char_3026_00_06_hca	False	True
血の惨劇を見れば、何も怖くないっすよ	见证过血之惨剧的话，什么都不再会害怕	key_aligned	new	1022	6	character_profile_or_lobby	vo_char_1022_00_06_hca	False	True
衛星写真にも写らない…集落…	连卫星照片里都不显示的……村落……	key_aligned	new	1026	8	character_profile_or_lobby	vo_char_1026_00_08_hca	False	True
見て見て！こんな所にお花が咲いてるよ！	快看快看！这里居然有花开了！	key_aligned	new	3015	7	character_profile_or_lobby	vo_char_3015_00_07_hca	False	True
討ち取ったり！…ですーっ！	得胜！的说！	key_aligned	new	3033	43	battle_result	vo_char_3033_00_43_hca	False	False
誰かが用意した逃げ道でも、私は縋りたい…	就算这是被人精心设计的逃生出口，\n也只好依靠它了	key_aligned	new	3053	12	character_profile_or_lobby	vo_char_3053_00_12_hca	False	True
誰かを巻き込むなら…独りの方がいい…	比起把别人卷入其中……还不如独自一人……	key_aligned	new	3049	6	character_profile_or_lobby	vo_char_3049_00_06_hca	False	True
誰かを殺したいくらい憎んだことはある？	你就没有恨一个人到\n想要杀掉他的程度吗？	key_aligned	new	4031	11	character_profile_or_lobby	vo_char_4031_00_11_hca	False	True
調整だけやと思ったら、@痛い目見るで？	认为只是调整的话，要尝尝苦头吗？	key_aligned	new	1041	43	battle_result	vo_char_1041_00_43_hca	True	True
調整屋さん褒められたいなぁ♪	调整专家也想被表扬一下啦～	key_aligned	new	1017	45	battle_result	vo_char_1017_00_45_hca	False	False
諦めないから、絶対に…！	我绝对不会放弃的……！	key_aligned	new	2003	9	character_profile_or_lobby	vo_char_2003_00_09_hca	False	True
諦めなくって良かった…！	还好没放弃……！	key_aligned	new	1001	43	battle_result	vo_char_1001_00_43_hca	False	False
警察とか探偵とかヒーローになりたいの	我想变成警察或者侦探这种英雄	key_aligned	new	1026	9	character_profile_or_lobby	vo_char_1026_00_09_hca	False	True
負けられないっての！	可不会输的呀！	key_aligned	new	1003	44	battle_result	vo_char_1003_00_44_hca	False	False
負けられないんだよ！	我是不会输的！	key_aligned	new	3020	45	battle_result	vo_char_3020_00_45_hca	False	False
負けるイメージまったくなし！	想不到能怎么输！	key_aligned	new	1005	46	battle_result	vo_char_1005_00_46_hca	False	False
貴方じゃ私には勝てない	你是赢不了我的。	key_aligned	new	4031	46	battle_result	vo_char_4031_00_46_hca	False	False
贅沢は言いません…せめて５メートルは！	不说大话……哪怕是5米也好！	key_aligned	new	1101	8	character_profile_or_lobby	vo_char_1101_00_08_hca	False	True
足跡を残そう、僕を知ってもらう足跡を	留下足迹吧，知晓了我的足迹。	key_aligned	new	1014	12	character_profile_or_lobby	vo_char_1014_00_12_hca	False	True
辛いというより、哀しかったんです	比起难过，其实更让人觉得悲伤。	key_aligned	new	3025	6	character_profile_or_lobby	vo_char_3025_00_06_hca	False	True
退屈で居眠りしちゃうとこだったよ！	太无聊了我都快睡着了！	key_aligned	new	2004	46	battle_result	vo_char_2004_00_46_hca	False	False
退院できたのは奇跡を超えた一大事だよ	能够出院，真是超出奇迹的头等大事。	key_aligned	new	1014	8	character_profile_or_lobby	vo_char_1014_00_08_hca	False	True
逆に楽しくなってきました	反而开始期待了。	key_aligned	new	3017	11	character_profile_or_lobby	vo_char_3017_00_11_hca	False	True
道具にこだわってこそ本物の職人なのです	执着于器具的才是真正的手艺人的说。	key_aligned	new	2700	12	character_profile_or_lobby	vo_char_2700_00_12_hca	False	True
配達終わりました	早报送完了。	key_aligned	new	4031	10	character_profile_or_lobby	vo_char_4031_00_10_hca	False	True
長女さんに褒められる@良い結果っすよね！	这是能被长女表扬的好结果呢！	key_aligned	new	1022	45	battle_result	vo_char_1022_00_45_hca	True	True
間違いない…これは、古墳よ！	不会错的…这是个，古坟！	key_aligned	new	3038	10	character_profile_or_lobby	vo_char_3038_00_10_hca	False	True
面白い見世物になるかと思いましたが…	那么，现在开始就是第二幕……	key_aligned	new	4024	10	character_profile_or_lobby	vo_char_4024_00_10_hca	False	True
頑張ったと思うよ？@お疲れさまー	我觉得你很努力哦？辛苦啦——	key_aligned	new	1007	45	battle_result	vo_char_1007_00_45_hca	True	True
頑張りました！	我会努力的！	key_aligned	new	3032	45	battle_result	vo_char_3032_00_45_hca	False	False
願いに翻弄されるなんて、私はアホやわ…	竟然被愿望给玩弄，我可真是个笨蛋啊…	key_aligned	new	1041	11	character_profile_or_lobby	vo_char_1041_00_11_hca	False	True
願いは聖域、侵させはしないから	愿望就是不可侵犯的圣域。	key_aligned	new	2500	46	battle_result	vo_char_2500_00_46_hca	False	False
願わなきゃ良かった、近くに居て欲しかった	要是没有许愿就好了，好想你在我身边。	key_aligned	new	3035	11	character_profile_or_lobby	vo_char_3035_00_11_hca	False	True
風の向くまま気の向くまま、なのです	跟着感觉走的说。	key_aligned	new	2700	9	character_profile_or_lobby	vo_char_2700_00_09_hca	False	True
風鈴の音か？…少しだけ涼しい気分になるな	风铃的声音？\n……心情变得凉爽了一些呢！	key_aligned	new	2600	11	character_profile_or_lobby	vo_char_2600_00_11_hca	False	True
餌だけ持っていかれるかと思いました…	只带鱼饵的话会很奇怪吗……	key_aligned	new	2300	43	battle_result	vo_char_2300_00_43_hca	False	False
首尾は上々っと！	战果很不错！	key_aligned	new	2006	44	battle_result	vo_char_2006_00_44_hca	False	False
高いところから登場したらカッコいかな…	高いところから登場したらカッコいいかな…	key_aligned	new	3056	12	character_profile_or_lobby	vo_char_3056_00_12_hca	False	True
魔法少女って、こんなにたくさんいたのかぁ	居然有这么多的魔法少女啊。	key_aligned	new	2004	9	character_profile_or_lobby	vo_char_2004_00_09_hca	False	True
魔法少女になったこと、後悔はしてないよ	我完全没有后悔自己成为了魔法少女哦。	key_aligned	new	4032	10	character_profile_or_lobby	vo_char_4032_00_10_hca	False	True
魔法少女の宿命、僕達の選択	魔法少女的宿命，我们的选择。	key_aligned	new	1014	6	character_profile_or_lobby	vo_char_1014_00_06_hca	False	True
魔法少女の真実を知ってしまったのね	看来你知道了魔法少女的真相了呢。	key_aligned	new	4031	9	character_profile_or_lobby	vo_char_4031_00_09_hca	False	True
魔法少女は…孤独で虚しい…	魔法少女……孤独而空虚……	key_aligned	new	1014	11	character_profile_or_lobby	vo_char_1014_00_11_hca	False	True
３・２・１、はいアウト	3、2、1，好了，出局。	key_aligned	new	1029	44	battle_result	vo_char_1029_00_44_hca	False	False
｜…動画サイトデビュー？｜	｜……在视频网站出道？｜	key_aligned	new	3043	9	character_profile_or_lobby	vo_char_3043_00_09_hca	False	True
｜倒すことを、あの子たちが望むなら｜	如果她们期望如此，我便会去打倒敌人。	key_aligned	new	3043	46	battle_result	vo_char_3043_00_46_hca	False	False
｜外にはこういう敵がいる…覚えたよ｜	外面还有这样的敌人……我记住了。	key_aligned	new	3043	43	battle_result	vo_char_3043_00_43_hca	False	False
｜守る事になると、歯止めが利かなくて…｜	｜每到守护什么的时候，就刹不住车了……｜	key_aligned	new	3043	10	character_profile_or_lobby	vo_char_3043_00_10_hca	False	True
｜帰りたい…桜か、みんなが居る所に…｜	｜想要回到……有着樱花和大家的地方……｜	key_aligned	new	3043	11	character_profile_or_lobby	vo_char_3043_00_11_hca	False	True
｜散るのも花。だけど、私は散らない｜	花开终须谢。但我不会。	key_aligned	new	3043	45	battle_result	vo_char_3043_00_45_hca	False	False
｜本の中のみんなにも教えてあげないと｜	｜要告诉书本里的其他人才行。｜	key_aligned	new	3043	7	character_profile_or_lobby	vo_char_3043_00_07_hca	False	True
｜私、何にもできないけど何でも知ってる｜	｜我虽然什么都不会做，却什么都知道。｜	key_aligned	new	3043	8	character_profile_or_lobby	vo_char_3043_00_08_hca	False	True
｜私の本望、みんな良かったね｜	｜我的本愿，就是大家都好好的。｜	key_aligned	new	3043	12	character_profile_or_lobby	vo_char_3043_00_12_hca	False	True
｜込み上げる感覚、@嬉しいってことかな｜	这涌起的感觉，就是喜悦吗？	key_aligned	new	3043	44	battle_result	vo_char_3043_00_44_hca	True	True
｜４人の幸せが、私にとっての幸せ｜	｜她们四人的幸福，便是我的幸福。｜	key_aligned	new	3043	6	character_profile_or_lobby	vo_char_3043_00_06_hca	False	True
